<mame>
	<machine name="shinobi" sourcefile="segas16a.cpp">
		<description>Shinobi (Set 6, World, S16A) [No Protection]</description>
		<year>1987</year>
		<manufacturer>Sega</manufacturer>
		<rom name="epr-12010.43" size="65536" crc="7df7f4a2" sha1="86ac00a3a8ecc1a7fcb00533ea12a6cb6d59089b" region="maincpu" offset="0" flags="1000"/>
		<rom name="epr-12008.26" size="65536" crc="f5ae64cd" sha1="33c9f25fcaff80b03d074d9d44d94976162411bf" region="maincpu" offset="1" flags="1000"/>
		<rom name="epr-12011.42" size="65536" crc="9d46e707" sha1="37ab25b3b37365c9f45837bfb6ec80652691dd4c" region="maincpu" offset="20000" flags="1000"/>
		<rom name="epr-12009.25" size="65536" crc="7961d07e" sha1="38cbdab35f901532c0ad99ad0083513abd2ff182" region="maincpu" offset="20001" flags="1000"/>
		<rom name="epr-11264.95" size="65536" crc="46627e7d" sha1="66bb5b22a2100e7b9df303007a837bc2d52cf7ba" region="gfx1" offset="0" flags="0"/>
		<rom name="epr-11265.94" size="65536" crc="87d0f321" sha1="885b38eaff2dcaeab4eeaa20cc8a2885d520abd6" region="gfx1" offset="10000" flags="0"/>
		<rom name="epr-11266.93" size="65536" crc="efb4af87" sha1="0b8a905023e1bc808fd2b1c3cfa3778cde79e659" region="gfx1" offset="20000" flags="0"/>
		<rom name="epr-11290.10" size="65536" crc="611f413a" sha1="180f83216e2dfbfd77b0fb3be83c3042954d12df" region="sprites" offset="1" flags="1000"/>
		<rom name="epr-11294.11" size="65536" crc="5eb00fc1" sha1="97e02eee74f61fabcad2a9e24f1868cafaac1d51" region="sprites" offset="0" flags="1000"/>
		<rom name="epr-11291.17" size="65536" crc="3c0797c0" sha1="df18c7987281bd9379026c6cf7f96f6ae49fd7f9" region="sprites" offset="10001" flags="1000"/>
		<rom name="epr-11295.18" size="65536" crc="25307ef8" sha1="91ffbe436f80d583524ee113a8b7c0cf5d8ab286" region="sprites" offset="10000" flags="1000"/>
		<rom name="epr-11292.23" size="65536" crc="c29ac34e" sha1="b5e9b8c3233a7d6797f91531a0d9123febcf1660" region="sprites" offset="20001" flags="1000"/>
		<rom name="epr-11296.24" size="65536" crc="04a437f8" sha1="ea5fed64443236e3404fab243761e60e2e48c84c" region="sprites" offset="20000" flags="1000"/>
		<rom name="epr-11293.29" size="65536" crc="41f41063" sha1="5cc461e9738dddf9eea06831fce3702d94674163" region="sprites" offset="30001" flags="1000"/>
		<rom name="epr-11297.30" size="65536" crc="b6e1fd72" sha1="eb86e4bf880bd1a1d9bcab3f2f2e917bcaa06172" region="sprites" offset="30000" flags="1000"/>
		<rom name="epr-11267.12" size="32768" crc="dd50b745" sha1="52e1977569d3713ad864d607170c9a61cd059a65" region="soundcpu" offset="0" flags="0"/>
		<rom name="7751.bin" size="1024" crc="6a9534fc" sha1="67ad94674db5c2aab75785668f610f6f4eccd158" region="n7751" offset="0" flags="0"/>
		<rom name="epr-11268.1" size="32768" crc="6d7966da" sha1="90f55a99f784c21d7c135e630f4e8b1d4d043d66" region="n7751data" offset="0" flags="0"/>
		<device_ref name="m68000"/>
		<device_ref name="z80"/>
		<device_ref name="n7751"/>
		<device_ref name="i8243"/>
		<device_ref name="nvram"/>
		<device_ref name="watchdog"/>
		<device_ref name="i8255"/>
		<device_ref name="screen"/>
		<device_ref name="sega_sys16a_sprite"/>
		<device_ref name="segaic16_video"/>
		<device_ref name="gfxdecode"/>
		<device_ref name="palette"/>
		<device_ref name="speaker"/>
		<device_ref name="generic_latch_8"/>
		<device_ref name="ym2151"/>
		<device_ref name="dac_8bit_r2r"/>
		<chip type="cpu" tag="maincpu" name="Motorola MC68000" clock="10000000"/>
		<chip type="cpu" tag="soundcpu" name="Zilog Z80" clock="4000000"/>
		<chip type="cpu" tag="n7751" name="N7751" clock="6000000"/>
		<chip type="audio" tag="speaker" name="Speaker"/>
		<chip type="audio" tag="ymsnd" name="YM2151 OPM" clock="4000000"/>
		<chip type="audio" tag="dac" name="8-Bit R-2R DAC"/>
		<display tag="screen" type="raster" rotate="0" width="320" height="224" refresh="60.000000" pixclock="5376240" htotal="342" hbend="0" hbstart="320" vtotal="262" vbend="0" vbstart="224" />
		<sound channels="1"/>
		<input players="2" coins="2" service="yes">
			<control type="joy" player="1" buttons="3" ways="8"/>
			<control type="joy" player="2" buttons="3" ways="8"/>
		</input>
		<dipswitch name="Coin A" tag="DSW1" mask="15">
			<diplocation name="SW1" number="1"/>
			<diplocation name="SW1" number="2"/>
			<diplocation name="SW1" number="3"/>
			<diplocation name="SW1" number="4"/>
			<dipvalue name="4 Coins/1 Credit" value="7"/>
			<dipvalue name="3 Coins/1 Credit" value="8"/>
			<dipvalue name="2 Coins/1 Credit" value="9"/>
			<dipvalue name="2 Coins/1 Credit 5/3 6/4" value="5"/>
			<dipvalue name="2 Coins/1 Credit 4/3" value="4"/>
			<dipvalue name="1 Coin/1 Credit" value="15" default="yes"/>
			<dipvalue name="1 Coin/1 Credit 5/6" value="3"/>
			<dipvalue name="1 Coin/1 Credit 4/5" value="2"/>
			<dipvalue name="1 Coin/1 Credit 2/3" value="1"/>
			<dipvalue name="2 Coins/3 Credits" value="6"/>
			<dipvalue name="1 Coin/2 Credits" value="14"/>
			<dipvalue name="1 Coin/3 Credits" value="13"/>
			<dipvalue name="1 Coin/4 Credits" value="12"/>
			<dipvalue name="1 Coin/5 Credits" value="11"/>
			<dipvalue name="1 Coin/6 Credits" value="10"/>
			<dipvalue name="Free Play (if Coin B too) or 1/1" value="0"/>
		</dipswitch>
		<dipswitch name="Coin B" tag="DSW1" mask="240">
			<diplocation name="SW1" number="5"/>
			<diplocation name="SW1" number="6"/>
			<diplocation name="SW1" number="7"/>
			<diplocation name="SW1" number="8"/>
			<dipvalue name="4 Coins/1 Credit" value="112"/>
			<dipvalue name="3 Coins/1 Credit" value="128"/>
			<dipvalue name="2 Coins/1 Credit" value="144"/>
			<dipvalue name="2 Coins/1 Credit 5/3 6/4" value="80"/>
			<dipvalue name="2 Coins/1 Credit 4/3" value="64"/>
			<dipvalue name="1 Coin/1 Credit" value="240" default="yes"/>
			<dipvalue name="1 Coin/1 Credit 5/6" value="48"/>
			<dipvalue name="1 Coin/1 Credit 4/5" value="32"/>
			<dipvalue name="1 Coin/1 Credit 2/3" value="16"/>
			<dipvalue name="2 Coins/3 Credits" value="96"/>
			<dipvalue name="1 Coin/2 Credits" value="224"/>
			<dipvalue name="1 Coin/3 Credits" value="208"/>
			<dipvalue name="1 Coin/4 Credits" value="192"/>
			<dipvalue name="1 Coin/5 Credits" value="176"/>
			<dipvalue name="1 Coin/6 Credits" value="160"/>
			<dipvalue name="Free Play (if Coin A too) or 1/1" value="0"/>
		</dipswitch>
		<dipswitch name="Cabinet" tag="DSW2" mask="1">
			<diplocation name="SW2" number="1"/>
			<dipvalue name="Upright" value="0" default="yes"/>
			<dipvalue name="Cocktail" value="1"/>
		</dipswitch>
		<dipswitch name="Demo Sounds" tag="DSW2" mask="2">
			<diplocation name="SW2" number="2"/>
			<dipvalue name="Off" value="2"/>
			<dipvalue name="On" value="0" default="yes"/>
		</dipswitch>
		<dipswitch name="Lives" tag="DSW2" mask="12">
			<diplocation name="SW2" number="3"/>
			<diplocation name="SW2" number="4"/>
			<dipvalue name="2" value="8"/>
			<dipvalue name="3" value="12" default="yes"/>
			<dipvalue name="5" value="4"/>
			<dipvalue name="Free Play" value="0"/>
		</dipswitch>
		<dipswitch name="Difficulty" tag="DSW2" mask="48">
			<diplocation name="SW2" number="5"/>
			<diplocation name="SW2" number="6"/>
			<dipvalue name="Easy" value="32"/>
			<dipvalue name="Normal" value="48" default="yes"/>
			<dipvalue name="Hard" value="16"/>
			<dipvalue name="Hardest" value="0"/>
		</dipswitch>
		<dipswitch name="Enemy Bullet Speed" tag="DSW2" mask="64">
			<diplocation name="SW2" number="7"/>
			<dipvalue name="Slow" value="64" default="yes"/>
			<dipvalue name="Fast" value="0"/>
		</dipswitch>
		<dipswitch name="Language" tag="DSW2" mask="128">
			<diplocation name="SW2" number="8"/>
			<dipvalue name="Japanese" value="128" default="yes"/>
			<dipvalue name="English" value="0"/>
		</dipswitch>
		<port tag=":DSW1">
		</port>
		<port tag=":DSW2">
		</port>
		<port tag=":P1">
		</port>
		<port tag=":P2">
		</port>
		<port tag=":SERVICE">
		</port>
		<port tag=":UNUSED">
		</port>
		<driver status="good" emulation="good" savestate="supported"/>
	</machine>
	<machine name="shinobi1" sourcefile="segas16a.cpp" cloneof="shinobi" romof="shinobi">
		<description>Shinobi (set 1, System 16A) (FD1094 317-0050)</description>
		<year>1987</year>
		<manufacturer>Sega</manufacturer>
		<rom name="epr-11262.42" size="65536" crc="d4b8df12" sha1="64bfa2dd8a3d99728d9eeb114887272d9590d0b8" region="maincpu" offset="0" flags="1000"/>
		<rom name="epr-11260.27" size="65536" crc="2835c95d" sha1="b5b42af265d3a16183e02d58b053ec2894072679" region="maincpu" offset="1" flags="1000"/>
		<rom name="epr-11263.43" size="65536" crc="a2a620bd" sha1="f8b135ce14d6c5eac5e40ddfd5ad2f1e6f2bc7a6" region="maincpu" offset="20000" flags="1000"/>
		<rom name="epr-11261.25" size="65536" crc="a3ceda52" sha1="97a1c52a162fb1d43b3f8f16613b70ce582a8d26" region="maincpu" offset="20001" flags="1000"/>
		<rom name="317-0050.key" size="8192" crc="82c39ced" sha1="5490237ff7f20f9ebfa3e46eedd5afd4f1c28548" region="maincpu:key" offset="0" flags="0"/>
		<rom name="epr-11264.95" merge="epr-11264.95" size="65536" crc="46627e7d" sha1="66bb5b22a2100e7b9df303007a837bc2d52cf7ba" region="gfx1" offset="0" flags="0"/>
		<rom name="epr-11265.94" merge="epr-11265.94" size="65536" crc="87d0f321" sha1="885b38eaff2dcaeab4eeaa20cc8a2885d520abd6" region="gfx1" offset="10000" flags="0"/>
		<rom name="epr-11266.93" merge="epr-11266.93" size="65536" crc="efb4af87" sha1="0b8a905023e1bc808fd2b1c3cfa3778cde79e659" region="gfx1" offset="20000" flags="0"/>
		<rom name="epr-11290.10" merge="epr-11290.10" size="65536" crc="611f413a" sha1="180f83216e2dfbfd77b0fb3be83c3042954d12df" region="sprites" offset="1" flags="1000"/>
		<rom name="epr-11294.11" merge="epr-11294.11" size="65536" crc="5eb00fc1" sha1="97e02eee74f61fabcad2a9e24f1868cafaac1d51" region="sprites" offset="0" flags="1000"/>
		<rom name="epr-11291.17" merge="epr-11291.17" size="65536" crc="3c0797c0" sha1="df18c7987281bd9379026c6cf7f96f6ae49fd7f9" region="sprites" offset="10001" flags="1000"/>
		<rom name="epr-11295.18" merge="epr-11295.18" size="65536" crc="25307ef8" sha1="91ffbe436f80d583524ee113a8b7c0cf5d8ab286" region="sprites" offset="10000" flags="1000"/>
		<rom name="epr-11292.23" merge="epr-11292.23" size="65536" crc="c29ac34e" sha1="b5e9b8c3233a7d6797f91531a0d9123febcf1660" region="sprites" offset="20001" flags="1000"/>
		<rom name="epr-11296.24" merge="epr-11296.24" size="65536" crc="04a437f8" sha1="ea5fed64443236e3404fab243761e60e2e48c84c" region="sprites" offset="20000" flags="1000"/>
		<rom name="epr-11293.29" merge="epr-11293.29" size="65536" crc="41f41063" sha1="5cc461e9738dddf9eea06831fce3702d94674163" region="sprites" offset="30001" flags="1000"/>
		<rom name="epr-11297.30" merge="epr-11297.30" size="65536" crc="b6e1fd72" sha1="eb86e4bf880bd1a1d9bcab3f2f2e917bcaa06172" region="sprites" offset="30000" flags="1000"/>
		<rom name="epr-11267.12" merge="epr-11267.12" size="32768" crc="dd50b745" sha1="52e1977569d3713ad864d607170c9a61cd059a65" region="soundcpu" offset="0" flags="0"/>
		<rom name="7751.bin" merge="7751.bin" size="1024" crc="6a9534fc" sha1="67ad94674db5c2aab75785668f610f6f4eccd158" region="n7751" offset="0" flags="0"/>
		<rom name="epr-11268.1" merge="epr-11268.1" size="32768" crc="6d7966da" sha1="90f55a99f784c21d7c135e630f4e8b1d4d043d66" region="n7751data" offset="0" flags="0"/>
		<device_ref name="fd1094"/>
		<device_ref name="z80"/>
		<device_ref name="n7751"/>
		<device_ref name="i8243"/>
		<device_ref name="nvram"/>
		<device_ref name="watchdog"/>
		<device_ref name="i8255"/>
		<device_ref name="screen"/>
		<device_ref name="sega_sys16a_sprite"/>
		<device_ref name="segaic16_video"/>
		<device_ref name="gfxdecode"/>
		<device_ref name="palette"/>
		<device_ref name="speaker"/>
		<device_ref name="generic_latch_8"/>
		<device_ref name="ym2151"/>
		<device_ref name="dac_8bit_r2r"/>
		<chip type="cpu" tag="maincpu" name="Hitachi FD1094 Encrypted CPU" clock="10000000"/>
		<chip type="cpu" tag="soundcpu" name="Zilog Z80" clock="4000000"/>
		<chip type="cpu" tag="n7751" name="N7751" clock="6000000"/>
		<chip type="audio" tag="speaker" name="Speaker"/>
		<chip type="audio" tag="ymsnd" name="YM2151 OPM" clock="4000000"/>
		<chip type="audio" tag="dac" name="8-Bit R-2R DAC"/>
		<display tag="screen" type="raster" rotate="0" width="320" height="224" refresh="60.000000" pixclock="5376240" htotal="342" hbend="0" hbstart="320" vtotal="262" vbend="0" vbstart="224" />
		<sound channels="1"/>
		<input players="2" coins="2" service="yes">
			<control type="joy" player="1" buttons="3" ways="8"/>
			<control type="joy" player="2" buttons="3" ways="8"/>
		</input>
		<dipswitch name="Coin A" tag="DSW1" mask="15">
			<diplocation name="SW1" number="1"/>
			<diplocation name="SW1" number="2"/>
			<diplocation name="SW1" number="3"/>
			<diplocation name="SW1" number="4"/>
			<dipvalue name="4 Coins/1 Credit" value="7"/>
			<dipvalue name="3 Coins/1 Credit" value="8"/>
			<dipvalue name="2 Coins/1 Credit" value="9"/>
			<dipvalue name="2 Coins/1 Credit 5/3 6/4" value="5"/>
			<dipvalue name="2 Coins/1 Credit 4/3" value="4"/>
			<dipvalue name="1 Coin/1 Credit" value="15" default="yes"/>
			<dipvalue name="1 Coin/1 Credit 5/6" value="3"/>
			<dipvalue name="1 Coin/1 Credit 4/5" value="2"/>
			<dipvalue name="1 Coin/1 Credit 2/3" value="1"/>
			<dipvalue name="2 Coins/3 Credits" value="6"/>
			<dipvalue name="1 Coin/2 Credits" value="14"/>
			<dipvalue name="1 Coin/3 Credits" value="13"/>
			<dipvalue name="1 Coin/4 Credits" value="12"/>
			<dipvalue name="1 Coin/5 Credits" value="11"/>
			<dipvalue name="1 Coin/6 Credits" value="10"/>
			<dipvalue name="Free Play (if Coin B too) or 1/1" value="0"/>
		</dipswitch>
		<dipswitch name="Coin B" tag="DSW1" mask="240">
			<diplocation name="SW1" number="5"/>
			<diplocation name="SW1" number="6"/>
			<diplocation name="SW1" number="7"/>
			<diplocation name="SW1" number="8"/>
			<dipvalue name="4 Coins/1 Credit" value="112"/>
			<dipvalue name="3 Coins/1 Credit" value="128"/>
			<dipvalue name="2 Coins/1 Credit" value="144"/>
			<dipvalue name="2 Coins/1 Credit 5/3 6/4" value="80"/>
			<dipvalue name="2 Coins/1 Credit 4/3" value="64"/>
			<dipvalue name="1 Coin/1 Credit" value="240" default="yes"/>
			<dipvalue name="1 Coin/1 Credit 5/6" value="48"/>
			<dipvalue name="1 Coin/1 Credit 4/5" value="32"/>
			<dipvalue name="1 Coin/1 Credit 2/3" value="16"/>
			<dipvalue name="2 Coins/3 Credits" value="96"/>
			<dipvalue name="1 Coin/2 Credits" value="224"/>
			<dipvalue name="1 Coin/3 Credits" value="208"/>
			<dipvalue name="1 Coin/4 Credits" value="192"/>
			<dipvalue name="1 Coin/5 Credits" value="176"/>
			<dipvalue name="1 Coin/6 Credits" value="160"/>
			<dipvalue name="Free Play (if Coin A too) or 1/1" value="0"/>
		</dipswitch>
		<dipswitch name="Cabinet" tag="DSW2" mask="1">
			<diplocation name="SW2" number="1"/>
			<dipvalue name="Upright" value="0" default="yes"/>
			<dipvalue name="Cocktail" value="1"/>
		</dipswitch>
		<dipswitch name="Demo Sounds" tag="DSW2" mask="2">
			<diplocation name="SW2" number="2"/>
			<dipvalue name="Off" value="2"/>
			<dipvalue name="On" value="0" default="yes"/>
		</dipswitch>
		<dipswitch name="Lives" tag="DSW2" mask="12">
			<diplocation name="SW2" number="3"/>
			<diplocation name="SW2" number="4"/>
			<dipvalue name="2" value="8"/>
			<dipvalue name="3" value="12" default="yes"/>
			<dipvalue name="5" value="4"/>
			<dipvalue name="Free Play" value="0"/>
		</dipswitch>
		<dipswitch name="Difficulty" tag="DSW2" mask="48">
			<diplocation name="SW2" number="5"/>
			<diplocation name="SW2" number="6"/>
			<dipvalue name="Easy" value="32"/>
			<dipvalue name="Normal" value="48" default="yes"/>
			<dipvalue name="Hard" value="16"/>
			<dipvalue name="Hardest" value="0"/>
		</dipswitch>
		<dipswitch name="Enemy Bullet Speed" tag="DSW2" mask="64">
			<diplocation name="SW2" number="7"/>
			<dipvalue name="Slow" value="64" default="yes"/>
			<dipvalue name="Fast" value="0"/>
		</dipswitch>
		<dipswitch name="Language" tag="DSW2" mask="128">
			<diplocation name="SW2" number="8"/>
			<dipvalue name="Japanese" value="128" default="yes"/>
			<dipvalue name="English" value="0"/>
		</dipswitch>
		<port tag=":DSW1">
		</port>
		<port tag=":DSW2">
		</port>
		<port tag=":P1">
		</port>
		<port tag=":P2">
		</port>
		<port tag=":SERVICE">
		</port>
		<port tag=":UNUSED">
		</port>
		<driver status="good" emulation="good" savestate="supported"/>
	</machine>
	<machine name="shinobi1d" sourcefile="segas16a.cpp" cloneof="shinobi" romof="shinobi">
		<description>Shinobi (set 1, System 16A) (bootleg of FD1094 317-0050 set)</description>
		<year>1987</year>
		<manufacturer>bootleg</manufacturer>
		<rom name="bootleg_epr-11262.42" size="65536" crc="9a54a498" sha1="34413767d09178f715be4147dfe48e3b1ef95021" region="maincpu" offset="0" flags="1000"/>
		<rom name="bootleg_epr-11260.27" size="65536" crc="8f571c5f" sha1="6264fad35ca7e6ae38a0a4c49a7aba16ddb8a0e2" region="maincpu" offset="1" flags="1000"/>
		<rom name="epr-11263.43" size="65536" crc="a2a620bd" sha1="f8b135ce14d6c5eac5e40ddfd5ad2f1e6f2bc7a6" region="maincpu" offset="20000" flags="1000"/>
		<rom name="epr-11261.25" size="65536" crc="a3ceda52" sha1="97a1c52a162fb1d43b3f8f16613b70ce582a8d26" region="maincpu" offset="20001" flags="1000"/>
		<rom name="epr-11264.95" merge="epr-11264.95" size="65536" crc="46627e7d" sha1="66bb5b22a2100e7b9df303007a837bc2d52cf7ba" region="gfx1" offset="0" flags="0"/>
		<rom name="epr-11265.94" merge="epr-11265.94" size="65536" crc="87d0f321" sha1="885b38eaff2dcaeab4eeaa20cc8a2885d520abd6" region="gfx1" offset="10000" flags="0"/>
		<rom name="epr-11266.93" merge="epr-11266.93" size="65536" crc="efb4af87" sha1="0b8a905023e1bc808fd2b1c3cfa3778cde79e659" region="gfx1" offset="20000" flags="0"/>
		<rom name="epr-11290.10" merge="epr-11290.10" size="65536" crc="611f413a" sha1="180f83216e2dfbfd77b0fb3be83c3042954d12df" region="sprites" offset="1" flags="1000"/>
		<rom name="epr-11294.11" merge="epr-11294.11" size="65536" crc="5eb00fc1" sha1="97e02eee74f61fabcad2a9e24f1868cafaac1d51" region="sprites" offset="0" flags="1000"/>
		<rom name="epr-11291.17" merge="epr-11291.17" size="65536" crc="3c0797c0" sha1="df18c7987281bd9379026c6cf7f96f6ae49fd7f9" region="sprites" offset="10001" flags="1000"/>
		<rom name="epr-11295.18" merge="epr-11295.18" size="65536" crc="25307ef8" sha1="91ffbe436f80d583524ee113a8b7c0cf5d8ab286" region="sprites" offset="10000" flags="1000"/>
		<rom name="epr-11292.23" merge="epr-11292.23" size="65536" crc="c29ac34e" sha1="b5e9b8c3233a7d6797f91531a0d9123febcf1660" region="sprites" offset="20001" flags="1000"/>
		<rom name="epr-11296.24" merge="epr-11296.24" size="65536" crc="04a437f8" sha1="ea5fed64443236e3404fab243761e60e2e48c84c" region="sprites" offset="20000" flags="1000"/>
		<rom name="epr-11293.29" merge="epr-11293.29" size="65536" crc="41f41063" sha1="5cc461e9738dddf9eea06831fce3702d94674163" region="sprites" offset="30001" flags="1000"/>
		<rom name="epr-11297.30" merge="epr-11297.30" size="65536" crc="b6e1fd72" sha1="eb86e4bf880bd1a1d9bcab3f2f2e917bcaa06172" region="sprites" offset="30000" flags="1000"/>
		<rom name="epr-11267.12" merge="epr-11267.12" size="32768" crc="dd50b745" sha1="52e1977569d3713ad864d607170c9a61cd059a65" region="soundcpu" offset="0" flags="0"/>
		<rom name="7751.bin" merge="7751.bin" size="1024" crc="6a9534fc" sha1="67ad94674db5c2aab75785668f610f6f4eccd158" region="n7751" offset="0" flags="0"/>
		<rom name="epr-11268.1" merge="epr-11268.1" size="32768" crc="6d7966da" sha1="90f55a99f784c21d7c135e630f4e8b1d4d043d66" region="n7751data" offset="0" flags="0"/>
		<device_ref name="m68000"/>
		<device_ref name="z80"/>
		<device_ref name="n7751"/>
		<device_ref name="i8243"/>
		<device_ref name="nvram"/>
		<device_ref name="watchdog"/>
		<device_ref name="i8255"/>
		<device_ref name="screen"/>
		<device_ref name="sega_sys16a_sprite"/>
		<device_ref name="segaic16_video"/>
		<device_ref name="gfxdecode"/>
		<device_ref name="palette"/>
		<device_ref name="speaker"/>
		<device_ref name="generic_latch_8"/>
		<device_ref name="ym2151"/>
		<device_ref name="dac_8bit_r2r"/>
		<chip type="cpu" tag="maincpu" name="Motorola MC68000" clock="10000000"/>
		<chip type="cpu" tag="soundcpu" name="Zilog Z80" clock="4000000"/>
		<chip type="cpu" tag="n7751" name="N7751" clock="6000000"/>
		<chip type="audio" tag="speaker" name="Speaker"/>
		<chip type="audio" tag="ymsnd" name="YM2151 OPM" clock="4000000"/>
		<chip type="audio" tag="dac" name="8-Bit R-2R DAC"/>
		<display tag="screen" type="raster" rotate="0" width="320" height="224" refresh="60.000000" pixclock="5376240" htotal="342" hbend="0" hbstart="320" vtotal="262" vbend="0" vbstart="224" />
		<sound channels="1"/>
		<input players="2" coins="2" service="yes">
			<control type="joy" player="1" buttons="3" ways="8"/>
			<control type="joy" player="2" buttons="3" ways="8"/>
		</input>
		<dipswitch name="Coin A" tag="DSW1" mask="15">
			<diplocation name="SW1" number="1"/>
			<diplocation name="SW1" number="2"/>
			<diplocation name="SW1" number="3"/>
			<diplocation name="SW1" number="4"/>
			<dipvalue name="4 Coins/1 Credit" value="7"/>
			<dipvalue name="3 Coins/1 Credit" value="8"/>
			<dipvalue name="2 Coins/1 Credit" value="9"/>
			<dipvalue name="2 Coins/1 Credit 5/3 6/4" value="5"/>
			<dipvalue name="2 Coins/1 Credit 4/3" value="4"/>
			<dipvalue name="1 Coin/1 Credit" value="15" default="yes"/>
			<dipvalue name="1 Coin/1 Credit 5/6" value="3"/>
			<dipvalue name="1 Coin/1 Credit 4/5" value="2"/>
			<dipvalue name="1 Coin/1 Credit 2/3" value="1"/>
			<dipvalue name="2 Coins/3 Credits" value="6"/>
			<dipvalue name="1 Coin/2 Credits" value="14"/>
			<dipvalue name="1 Coin/3 Credits" value="13"/>
			<dipvalue name="1 Coin/4 Credits" value="12"/>
			<dipvalue name="1 Coin/5 Credits" value="11"/>
			<dipvalue name="1 Coin/6 Credits" value="10"/>
			<dipvalue name="Free Play (if Coin B too) or 1/1" value="0"/>
		</dipswitch>
		<dipswitch name="Coin B" tag="DSW1" mask="240">
			<diplocation name="SW1" number="5"/>
			<diplocation name="SW1" number="6"/>
			<diplocation name="SW1" number="7"/>
			<diplocation name="SW1" number="8"/>
			<dipvalue name="4 Coins/1 Credit" value="112"/>
			<dipvalue name="3 Coins/1 Credit" value="128"/>
			<dipvalue name="2 Coins/1 Credit" value="144"/>
			<dipvalue name="2 Coins/1 Credit 5/3 6/4" value="80"/>
			<dipvalue name="2 Coins/1 Credit 4/3" value="64"/>
			<dipvalue name="1 Coin/1 Credit" value="240" default="yes"/>
			<dipvalue name="1 Coin/1 Credit 5/6" value="48"/>
			<dipvalue name="1 Coin/1 Credit 4/5" value="32"/>
			<dipvalue name="1 Coin/1 Credit 2/3" value="16"/>
			<dipvalue name="2 Coins/3 Credits" value="96"/>
			<dipvalue name="1 Coin/2 Credits" value="224"/>
			<dipvalue name="1 Coin/3 Credits" value="208"/>
			<dipvalue name="1 Coin/4 Credits" value="192"/>
			<dipvalue name="1 Coin/5 Credits" value="176"/>
			<dipvalue name="1 Coin/6 Credits" value="160"/>
			<dipvalue name="Free Play (if Coin A too) or 1/1" value="0"/>
		</dipswitch>
		<dipswitch name="Cabinet" tag="DSW2" mask="1">
			<diplocation name="SW2" number="1"/>
			<dipvalue name="Upright" value="0" default="yes"/>
			<dipvalue name="Cocktail" value="1"/>
		</dipswitch>
		<dipswitch name="Demo Sounds" tag="DSW2" mask="2">
			<diplocation name="SW2" number="2"/>
			<dipvalue name="Off" value="2"/>
			<dipvalue name="On" value="0" default="yes"/>
		</dipswitch>
		<dipswitch name="Lives" tag="DSW2" mask="12">
			<diplocation name="SW2" number="3"/>
			<diplocation name="SW2" number="4"/>
			<dipvalue name="2" value="8"/>
			<dipvalue name="3" value="12" default="yes"/>
			<dipvalue name="5" value="4"/>
			<dipvalue name="Free Play" value="0"/>
		</dipswitch>
		<dipswitch name="Difficulty" tag="DSW2" mask="48">
			<diplocation name="SW2" number="5"/>
			<diplocation name="SW2" number="6"/>
			<dipvalue name="Easy" value="32"/>
			<dipvalue name="Normal" value="48" default="yes"/>
			<dipvalue name="Hard" value="16"/>
			<dipvalue name="Hardest" value="0"/>
		</dipswitch>
		<dipswitch name="Enemy Bullet Speed" tag="DSW2" mask="64">
			<diplocation name="SW2" number="7"/>
			<dipvalue name="Slow" value="64" default="yes"/>
			<dipvalue name="Fast" value="0"/>
		</dipswitch>
		<dipswitch name="Language" tag="DSW2" mask="128">
			<diplocation name="SW2" number="8"/>
			<dipvalue name="Japanese" value="128" default="yes"/>
			<dipvalue name="English" value="0"/>
		</dipswitch>
		<port tag=":DSW1">
		</port>
		<port tag=":DSW2">
		</port>
		<port tag=":P1">
		</port>
		<port tag=":P2">
		</port>
		<port tag=":SERVICE">
		</port>
		<port tag=":UNUSED">
		</port>
		<driver status="good" emulation="good" savestate="supported"/>
	</machine>
	<machine name="shinobi2" sourcefile="segas16b.cpp" cloneof="shinobi" romof="shinobi">
		<description>Shinobi (set 2, System 16B) (FD1094 317-0049)</description>
		<year>1987</year>
		<manufacturer>Sega</manufacturer>
		<rom name="epr-11282.a4" size="65536" crc="5f2e5524" sha1="9e5fcabb95abbe6c8178e82f4971abdbc92bff73" region="maincpu" offset="0" flags="1000"/>
		<rom name="epr-11280.a1" size="65536" crc="bdfe5c38" sha1="65f537e38b74c66576d57c770d182dc13302cca6" region="maincpu" offset="1" flags="1000"/>
		<rom name="epr-11283.a5" merge="epr-12011.42" size="65536" crc="9d46e707" sha1="37ab25b3b37365c9f45837bfb6ec80652691dd4c" region="maincpu" offset="20000" flags="1000"/>
		<rom name="epr-11281.a2" merge="epr-12009.25" size="65536" crc="7961d07e" sha1="38cbdab35f901532c0ad99ad0083513abd2ff182" region="maincpu" offset="20001" flags="1000"/>
		<rom name="317-0049.key" size="8192" crc="8fac824f" sha1="602fde7b728163aba5727bcf00707e63ca5bbfa9" region="maincpu:key" offset="0" flags="0"/>
		<rom name="epr-11284.b9" size="65536" crc="5f62e163" sha1="03f008745a1af84142ada647acf3601049f43ad5" region="gfx1" offset="0" flags="0"/>
		<rom name="epr-11285.b10" size="65536" crc="75f8fbc9" sha1="29072edcd583af60ec66b4c8bb82b179a3751edf" region="gfx1" offset="10000" flags="0"/>
		<rom name="epr-11286.b11" size="65536" crc="06508bb9" sha1="57c9036123ec8e35d0275ab6eaff25a16aa203d4" region="gfx1" offset="20000" flags="0"/>
		<rom name="epr-11290.b1" merge="epr-11290.10" size="65536" crc="611f413a" sha1="180f83216e2dfbfd77b0fb3be83c3042954d12df" region="sprites" offset="1" flags="1000"/>
		<rom name="epr-11294.b5" merge="epr-11294.11" size="65536" crc="5eb00fc1" sha1="97e02eee74f61fabcad2a9e24f1868cafaac1d51" region="sprites" offset="0" flags="1000"/>
		<rom name="epr-11291.b2" merge="epr-11291.17" size="65536" crc="3c0797c0" sha1="df18c7987281bd9379026c6cf7f96f6ae49fd7f9" region="sprites" offset="20001" flags="1000"/>
		<rom name="epr-11295.b6" merge="epr-11295.18" size="65536" crc="25307ef8" sha1="91ffbe436f80d583524ee113a8b7c0cf5d8ab286" region="sprites" offset="20000" flags="1000"/>
		<rom name="epr-11292.b3" merge="epr-11292.23" size="65536" crc="c29ac34e" sha1="b5e9b8c3233a7d6797f91531a0d9123febcf1660" region="sprites" offset="40001" flags="1000"/>
		<rom name="epr-11296.b7" merge="epr-11296.24" size="65536" crc="04a437f8" sha1="ea5fed64443236e3404fab243761e60e2e48c84c" region="sprites" offset="40000" flags="1000"/>
		<rom name="epr-11293.b4" merge="epr-11293.29" size="65536" crc="41f41063" sha1="5cc461e9738dddf9eea06831fce3702d94674163" region="sprites" offset="60001" flags="1000"/>
		<rom name="epr-11297.b8" merge="epr-11297.30" size="65536" crc="b6e1fd72" sha1="eb86e4bf880bd1a1d9bcab3f2f2e917bcaa06172" region="sprites" offset="60000" flags="1000"/>
		<rom name="epr-11287.a7" size="32768" crc="e8cccd42" sha1="39cbf9298540b9d5a26f47fcf6c9b89b6cead6c9" region="soundcpu" offset="0" flags="0"/>
		<rom name="epr-11288.a8" size="32768" crc="c8df8460" sha1="0aeb41a493df155edb5f600f53ec43b798927dff" region="soundcpu" offset="10000" flags="0"/>
		<rom name="epr-11289.a9" size="32768" crc="e5a4cf30" sha1="d1982da7a550c11ab2253f5d64ac6ab847da0a04" region="soundcpu" offset="20000" flags="0"/>
		<device_ref name="fd1094"/>
		<device_ref name="z80"/>
		<device_ref name="nvram"/>
		<device_ref name="sega_315_5195"/>
		<device_ref name="gfxdecode"/>
		<device_ref name="palette"/>
		<device_ref name="screen"/>
		<device_ref name="sega_sys16b_sprite"/>
		<device_ref name="segaic16_video"/>
		<device_ref name="speaker"/>
		<device_ref name="ym2151"/>
		<device_ref name="upd7759"/>
		<device_ref name="netlist_sound"/>
		<device_ref name="nl_stream_in"/>
		<device_ref name="nl_stream_in"/>
		<device_ref name="nl_stream_in"/>
		<device_ref name="nl_stream_out"/>
		<chip type="cpu" tag="maincpu" name="Hitachi FD1094 Encrypted CPU" clock="10000000"/>
		<chip type="cpu" tag="soundcpu" name="Zilog Z80" clock="5000000"/>
		<chip type="audio" tag="mono" name="Speaker"/>
		<chip type="audio" tag="ym2151" name="YM2151 OPM" clock="4000000"/>
		<chip type="audio" tag="upd" name="NEC uPD7759" clock="640000"/>
		<chip type="audio" tag="netlist" name="Netlist Sound Device"/>
		<display tag="screen" type="raster" rotate="0" width="320" height="224" refresh="60.054389" pixclock="6293700" htotal="400" hbend="0" hbstart="320" vtotal="262" vbend="0" vbstart="224" />
		<sound channels="1"/>
		<input players="2" coins="2" service="yes">
			<control type="joy" player="1" buttons="3" ways="8"/>
			<control type="joy" player="2" buttons="3" ways="8"/>
		</input>
		<dipswitch name="Coin A" tag="DSW1" mask="15">
			<diplocation name="SW1" number="1"/>
			<diplocation name="SW1" number="2"/>
			<diplocation name="SW1" number="3"/>
			<diplocation name="SW1" number="4"/>
			<dipvalue name="4 Coins/1 Credit" value="7"/>
			<dipvalue name="3 Coins/1 Credit" value="8"/>
			<dipvalue name="2 Coins/1 Credit" value="9"/>
			<dipvalue name="2 Coins/1 Credit 5/3 6/4" value="5"/>
			<dipvalue name="2 Coins/1 Credit 4/3" value="4"/>
			<dipvalue name="1 Coin/1 Credit" value="15" default="yes"/>
			<dipvalue name="1 Coin/1 Credit 5/6" value="3"/>
			<dipvalue name="1 Coin/1 Credit 4/5" value="2"/>
			<dipvalue name="1 Coin/1 Credit 2/3" value="1"/>
			<dipvalue name="2 Coins/3 Credits" value="6"/>
			<dipvalue name="1 Coin/2 Credits" value="14"/>
			<dipvalue name="1 Coin/3 Credits" value="13"/>
			<dipvalue name="1 Coin/4 Credits" value="12"/>
			<dipvalue name="1 Coin/5 Credits" value="11"/>
			<dipvalue name="1 Coin/6 Credits" value="10"/>
			<dipvalue name="Free Play (if Coin B too) or 1/1" value="0"/>
		</dipswitch>
		<dipswitch name="Coin B" tag="DSW1" mask="240">
			<diplocation name="SW1" number="5"/>
			<diplocation name="SW1" number="6"/>
			<diplocation name="SW1" number="7"/>
			<diplocation name="SW1" number="8"/>
			<dipvalue name="4 Coins/1 Credit" value="112"/>
			<dipvalue name="3 Coins/1 Credit" value="128"/>
			<dipvalue name="2 Coins/1 Credit" value="144"/>
			<dipvalue name="2 Coins/1 Credit 5/3 6/4" value="80"/>
			<dipvalue name="2 Coins/1 Credit 4/3" value="64"/>
			<dipvalue name="1 Coin/1 Credit" value="240" default="yes"/>
			<dipvalue name="1 Coin/1 Credit 5/6" value="48"/>
			<dipvalue name="1 Coin/1 Credit 4/5" value="32"/>
			<dipvalue name="1 Coin/1 Credit 2/3" value="16"/>
			<dipvalue name="2 Coins/3 Credits" value="96"/>
			<dipvalue name="1 Coin/2 Credits" value="224"/>
			<dipvalue name="1 Coin/3 Credits" value="208"/>
			<dipvalue name="1 Coin/4 Credits" value="192"/>
			<dipvalue name="1 Coin/5 Credits" value="176"/>
			<dipvalue name="1 Coin/6 Credits" value="160"/>
			<dipvalue name="Free Play (if Coin A too) or 1/1" value="0"/>
		</dipswitch>
		<dipswitch name="Cabinet" tag="DSW2" mask="1">
			<diplocation name="SW2" number="1"/>
			<dipvalue name="Upright" value="0" default="yes"/>
			<dipvalue name="Cocktail" value="1"/>
		</dipswitch>
		<dipswitch name="Demo Sounds" tag="DSW2" mask="2">
			<diplocation name="SW2" number="2"/>
			<dipvalue name="Off" value="2"/>
			<dipvalue name="On" value="0" default="yes"/>
		</dipswitch>
		<dipswitch name="Lives" tag="DSW2" mask="12">
			<diplocation name="SW2" number="3"/>
			<diplocation name="SW2" number="4"/>
			<dipvalue name="2" value="8"/>
			<dipvalue name="3" value="12" default="yes"/>
			<dipvalue name="5" value="4"/>
			<dipvalue name="Free Play" value="0"/>
		</dipswitch>
		<dipswitch name="Difficulty" tag="DSW2" mask="48">
			<diplocation name="SW2" number="5"/>
			<diplocation name="SW2" number="6"/>
			<dipvalue name="Easy" value="32"/>
			<dipvalue name="Normal" value="48" default="yes"/>
			<dipvalue name="Hard" value="16"/>
			<dipvalue name="Hardest" value="0"/>
		</dipswitch>
		<dipswitch name="Enemy Bullet Speed" tag="DSW2" mask="64">
			<diplocation name="SW2" number="7"/>
			<dipvalue name="Slow" value="64" default="yes"/>
			<dipvalue name="Fast" value="0"/>
		</dipswitch>
		<dipswitch name="Language" tag="DSW2" mask="128">
			<diplocation name="SW2" number="8"/>
			<dipvalue name="Japanese" value="128" default="yes"/>
			<dipvalue name="English" value="0"/>
		</dipswitch>
		<port tag=":DSW1">
		</port>
		<port tag=":DSW2">
		</port>
		<port tag=":P1">
		</port>
		<port tag=":P2">
		</port>
		<port tag=":SERVICE">
		</port>
		<port tag=":UNUSED">
		</port>
		<driver status="good" emulation="good" savestate="unsupported"/>
	</machine>
	<machine name="shinobi2d" sourcefile="segas16b.cpp" cloneof="shinobi" romof="shinobi">
		<description>Shinobi (set 2, System 16B) (bootleg of FD1094 317-0049 set)</description>
		<year>1987</year>
		<manufacturer>bootleg</manufacturer>
		<rom name="bootleg_epr-11282.a4" size="65536" crc="b930399d" sha1="955ff2948e1990463631b0bc5c7f5275384236cc" region="maincpu" offset="0" flags="1000"/>
		<rom name="bootleg_epr-11280.a1" size="65536" crc="343f4c46" sha1="2cf5d00462ad85ae9a2e16d59171c8ab85e10f49" region="maincpu" offset="1" flags="1000"/>
		<rom name="epr-11283.a5" merge="epr-12011.42" size="65536" crc="9d46e707" sha1="37ab25b3b37365c9f45837bfb6ec80652691dd4c" region="maincpu" offset="20000" flags="1000"/>
		<rom name="epr-11281.a2" merge="epr-12009.25" size="65536" crc="7961d07e" sha1="38cbdab35f901532c0ad99ad0083513abd2ff182" region="maincpu" offset="20001" flags="1000"/>
		<rom name="epr-11284.b9" size="65536" crc="5f62e163" sha1="03f008745a1af84142ada647acf3601049f43ad5" region="gfx1" offset="0" flags="0"/>
		<rom name="epr-11285.b10" size="65536" crc="75f8fbc9" sha1="29072edcd583af60ec66b4c8bb82b179a3751edf" region="gfx1" offset="10000" flags="0"/>
		<rom name="epr-11286.b11" size="65536" crc="06508bb9" sha1="57c9036123ec8e35d0275ab6eaff25a16aa203d4" region="gfx1" offset="20000" flags="0"/>
		<rom name="epr-11290.b1" merge="epr-11290.10" size="65536" crc="611f413a" sha1="180f83216e2dfbfd77b0fb3be83c3042954d12df" region="sprites" offset="1" flags="1000"/>
		<rom name="epr-11294.b5" merge="epr-11294.11" size="65536" crc="5eb00fc1" sha1="97e02eee74f61fabcad2a9e24f1868cafaac1d51" region="sprites" offset="0" flags="1000"/>
		<rom name="epr-11291.b2" merge="epr-11291.17" size="65536" crc="3c0797c0" sha1="df18c7987281bd9379026c6cf7f96f6ae49fd7f9" region="sprites" offset="20001" flags="1000"/>
		<rom name="epr-11295.b6" merge="epr-11295.18" size="65536" crc="25307ef8" sha1="91ffbe436f80d583524ee113a8b7c0cf5d8ab286" region="sprites" offset="20000" flags="1000"/>
		<rom name="epr-11292.b3" merge="epr-11292.23" size="65536" crc="c29ac34e" sha1="b5e9b8c3233a7d6797f91531a0d9123febcf1660" region="sprites" offset="40001" flags="1000"/>
		<rom name="epr-11296.b7" merge="epr-11296.24" size="65536" crc="04a437f8" sha1="ea5fed64443236e3404fab243761e60e2e48c84c" region="sprites" offset="40000" flags="1000"/>
		<rom name="epr-11293.b4" merge="epr-11293.29" size="65536" crc="41f41063" sha1="5cc461e9738dddf9eea06831fce3702d94674163" region="sprites" offset="60001" flags="1000"/>
		<rom name="epr-11297.b8" merge="epr-11297.30" size="65536" crc="b6e1fd72" sha1="eb86e4bf880bd1a1d9bcab3f2f2e917bcaa06172" region="sprites" offset="60000" flags="1000"/>
		<rom name="epr-11287.a7" size="32768" crc="e8cccd42" sha1="39cbf9298540b9d5a26f47fcf6c9b89b6cead6c9" region="soundcpu" offset="0" flags="0"/>
		<rom name="epr-11288.a8" size="32768" crc="c8df8460" sha1="0aeb41a493df155edb5f600f53ec43b798927dff" region="soundcpu" offset="10000" flags="0"/>
		<rom name="epr-11289.a9" size="32768" crc="e5a4cf30" sha1="d1982da7a550c11ab2253f5d64ac6ab847da0a04" region="soundcpu" offset="20000" flags="0"/>
		<device_ref name="m68000"/>
		<device_ref name="z80"/>
		<device_ref name="nvram"/>
		<device_ref name="sega_315_5195"/>
		<device_ref name="gfxdecode"/>
		<device_ref name="palette"/>
		<device_ref name="screen"/>
		<device_ref name="sega_sys16b_sprite"/>
		<device_ref name="segaic16_video"/>
		<device_ref name="speaker"/>
		<device_ref name="ym2151"/>
		<device_ref name="upd7759"/>
		<device_ref name="netlist_sound"/>
		<device_ref name="nl_stream_in"/>
		<device_ref name="nl_stream_in"/>
		<device_ref name="nl_stream_in"/>
		<device_ref name="nl_stream_out"/>
		<chip type="cpu" tag="maincpu" name="Motorola MC68000" clock="10000000"/>
		<chip type="cpu" tag="soundcpu" name="Zilog Z80" clock="5000000"/>
		<chip type="audio" tag="mono" name="Speaker"/>
		<chip type="audio" tag="ym2151" name="YM2151 OPM" clock="4000000"/>
		<chip type="audio" tag="upd" name="NEC uPD7759" clock="640000"/>
		<chip type="audio" tag="netlist" name="Netlist Sound Device"/>
		<display tag="screen" type="raster" rotate="0" width="320" height="224" refresh="60.054389" pixclock="6293700" htotal="400" hbend="0" hbstart="320" vtotal="262" vbend="0" vbstart="224" />
		<sound channels="1"/>
		<input players="2" coins="2" service="yes">
			<control type="joy" player="1" buttons="3" ways="8"/>
			<control type="joy" player="2" buttons="3" ways="8"/>
		</input>
		<dipswitch name="Coin A" tag="DSW1" mask="15">
			<diplocation name="SW1" number="1"/>
			<diplocation name="SW1" number="2"/>
			<diplocation name="SW1" number="3"/>
			<diplocation name="SW1" number="4"/>
			<dipvalue name="4 Coins/1 Credit" value="7"/>
			<dipvalue name="3 Coins/1 Credit" value="8"/>
			<dipvalue name="2 Coins/1 Credit" value="9"/>
			<dipvalue name="2 Coins/1 Credit 5/3 6/4" value="5"/>
			<dipvalue name="2 Coins/1 Credit 4/3" value="4"/>
			<dipvalue name="1 Coin/1 Credit" value="15" default="yes"/>
			<dipvalue name="1 Coin/1 Credit 5/6" value="3"/>
			<dipvalue name="1 Coin/1 Credit 4/5" value="2"/>
			<dipvalue name="1 Coin/1 Credit 2/3" value="1"/>
			<dipvalue name="2 Coins/3 Credits" value="6"/>
			<dipvalue name="1 Coin/2 Credits" value="14"/>
			<dipvalue name="1 Coin/3 Credits" value="13"/>
			<dipvalue name="1 Coin/4 Credits" value="12"/>
			<dipvalue name="1 Coin/5 Credits" value="11"/>
			<dipvalue name="1 Coin/6 Credits" value="10"/>
			<dipvalue name="Free Play (if Coin B too) or 1/1" value="0"/>
		</dipswitch>
		<dipswitch name="Coin B" tag="DSW1" mask="240">
			<diplocation name="SW1" number="5"/>
			<diplocation name="SW1" number="6"/>
			<diplocation name="SW1" number="7"/>
			<diplocation name="SW1" number="8"/>
			<dipvalue name="4 Coins/1 Credit" value="112"/>
			<dipvalue name="3 Coins/1 Credit" value="128"/>
			<dipvalue name="2 Coins/1 Credit" value="144"/>
			<dipvalue name="2 Coins/1 Credit 5/3 6/4" value="80"/>
			<dipvalue name="2 Coins/1 Credit 4/3" value="64"/>
			<dipvalue name="1 Coin/1 Credit" value="240" default="yes"/>
			<dipvalue name="1 Coin/1 Credit 5/6" value="48"/>
			<dipvalue name="1 Coin/1 Credit 4/5" value="32"/>
			<dipvalue name="1 Coin/1 Credit 2/3" value="16"/>
			<dipvalue name="2 Coins/3 Credits" value="96"/>
			<dipvalue name="1 Coin/2 Credits" value="224"/>
			<dipvalue name="1 Coin/3 Credits" value="208"/>
			<dipvalue name="1 Coin/4 Credits" value="192"/>
			<dipvalue name="1 Coin/5 Credits" value="176"/>
			<dipvalue name="1 Coin/6 Credits" value="160"/>
			<dipvalue name="Free Play (if Coin A too) or 1/1" value="0"/>
		</dipswitch>
		<dipswitch name="Cabinet" tag="DSW2" mask="1">
			<diplocation name="SW2" number="1"/>
			<dipvalue name="Upright" value="0" default="yes"/>
			<dipvalue name="Cocktail" value="1"/>
		</dipswitch>
		<dipswitch name="Demo Sounds" tag="DSW2" mask="2">
			<diplocation name="SW2" number="2"/>
			<dipvalue name="Off" value="2"/>
			<dipvalue name="On" value="0" default="yes"/>
		</dipswitch>
		<dipswitch name="Lives" tag="DSW2" mask="12">
			<diplocation name="SW2" number="3"/>
			<diplocation name="SW2" number="4"/>
			<dipvalue name="2" value="8"/>
			<dipvalue name="3" value="12" default="yes"/>
			<dipvalue name="5" value="4"/>
			<dipvalue name="Free Play" value="0"/>
		</dipswitch>
		<dipswitch name="Difficulty" tag="DSW2" mask="48">
			<diplocation name="SW2" number="5"/>
			<diplocation name="SW2" number="6"/>
			<dipvalue name="Easy" value="32"/>
			<dipvalue name="Normal" value="48" default="yes"/>
			<dipvalue name="Hard" value="16"/>
			<dipvalue name="Hardest" value="0"/>
		</dipswitch>
		<dipswitch name="Enemy Bullet Speed" tag="DSW2" mask="64">
			<diplocation name="SW2" number="7"/>
			<dipvalue name="Slow" value="64" default="yes"/>
			<dipvalue name="Fast" value="0"/>
		</dipswitch>
		<dipswitch name="Language" tag="DSW2" mask="128">
			<diplocation name="SW2" number="8"/>
			<dipvalue name="Japanese" value="128" default="yes"/>
			<dipvalue name="English" value="0"/>
		</dipswitch>
		<port tag=":DSW1">
		</port>
		<port tag=":DSW2">
		</port>
		<port tag=":P1">
		</port>
		<port tag=":P2">
		</port>
		<port tag=":SERVICE">
		</port>
		<port tag=":UNUSED">
		</port>
		<driver status="good" emulation="good" savestate="unsupported"/>
	</machine>
	<machine name="shinobi3" sourcefile="segas16b.cpp" cloneof="shinobi" romof="shinobi">
		<description>Shinobi (set 3, System 16B) (MC-8123B 317-0054)</description>
		<year>1987</year>
		<manufacturer>Sega</manufacturer>
		<rom name="epr-11299.a4" size="65536" crc="b930399d" sha1="955ff2948e1990463631b0bc5c7f5275384236cc" region="maincpu" offset="0" flags="1000"/>
		<rom name="epr-11298.a1" size="65536" crc="343f4c46" sha1="2cf5d00462ad85ae9a2e16d59171c8ab85e10f49" region="maincpu" offset="1" flags="1000"/>
		<rom name="epr-11283.a5" merge="epr-12011.42" size="65536" crc="9d46e707" sha1="37ab25b3b37365c9f45837bfb6ec80652691dd4c" region="maincpu" offset="20000" flags="1000"/>
		<rom name="epr-11281.a2" merge="epr-12009.25" size="65536" crc="7961d07e" sha1="38cbdab35f901532c0ad99ad0083513abd2ff182" region="maincpu" offset="20001" flags="1000"/>
		<rom name="opr-11284.b9" size="65536" crc="5f62e163" sha1="03f008745a1af84142ada647acf3601049f43ad5" region="gfx1" offset="0" flags="0"/>
		<rom name="opr-11285.b10" size="65536" crc="75f8fbc9" sha1="29072edcd583af60ec66b4c8bb82b179a3751edf" region="gfx1" offset="10000" flags="0"/>
		<rom name="opr-11286.b11" size="65536" crc="06508bb9" sha1="57c9036123ec8e35d0275ab6eaff25a16aa203d4" region="gfx1" offset="20000" flags="0"/>
		<rom name="opr-11290.b1" merge="epr-11290.10" size="65536" crc="611f413a" sha1="180f83216e2dfbfd77b0fb3be83c3042954d12df" region="sprites" offset="1" flags="1000"/>
		<rom name="opr-11294.b5" merge="epr-11294.11" size="65536" crc="5eb00fc1" sha1="97e02eee74f61fabcad2a9e24f1868cafaac1d51" region="sprites" offset="0" flags="1000"/>
		<rom name="opr-11291.b2" merge="epr-11291.17" size="65536" crc="3c0797c0" sha1="df18c7987281bd9379026c6cf7f96f6ae49fd7f9" region="sprites" offset="20001" flags="1000"/>
		<rom name="opr-11295.b6" merge="epr-11295.18" size="65536" crc="25307ef8" sha1="91ffbe436f80d583524ee113a8b7c0cf5d8ab286" region="sprites" offset="20000" flags="1000"/>
		<rom name="opr-11292.b3" merge="epr-11292.23" size="65536" crc="c29ac34e" sha1="b5e9b8c3233a7d6797f91531a0d9123febcf1660" region="sprites" offset="40001" flags="1000"/>
		<rom name="opr-11296.b7" merge="epr-11296.24" size="65536" crc="04a437f8" sha1="ea5fed64443236e3404fab243761e60e2e48c84c" region="sprites" offset="40000" flags="1000"/>
		<rom name="opr-11293.b4" merge="epr-11293.29" size="65536" crc="41f41063" sha1="5cc461e9738dddf9eea06831fce3702d94674163" region="sprites" offset="60001" flags="1000"/>
		<rom name="opr-11297.b8" merge="epr-11297.30" size="65536" crc="b6e1fd72" sha1="eb86e4bf880bd1a1d9bcab3f2f2e917bcaa06172" region="sprites" offset="60000" flags="1000"/>
		<rom name="epr-11372.a7" size="32768" crc="0824269a" sha1="501ab1b80c6e8a4b0ccda148c13fa96c71c7300d" region="soundcpu" offset="0" flags="0"/>
		<rom name="epr-11288.a8" size="32768" crc="c8df8460" sha1="0aeb41a493df155edb5f600f53ec43b798927dff" region="soundcpu" offset="10000" flags="0"/>
		<rom name="epr-11289.a9" size="32768" crc="e5a4cf30" sha1="d1982da7a550c11ab2253f5d64ac6ab847da0a04" region="soundcpu" offset="20000" flags="0"/>
		<rom name="317-0054.key" size="8192" crc="39fd4535" sha1="93bbb139d2d5acc6a1e338d92077e79a5e880b2e" region="soundcpu:key" offset="0" flags="0"/>
		<device_ref name="m68000"/>
		<device_ref name="mc8123"/>
		<device_ref name="nvram"/>
		<device_ref name="sega_315_5195"/>
		<device_ref name="gfxdecode"/>
		<device_ref name="palette"/>
		<device_ref name="screen"/>
		<device_ref name="sega_sys16b_sprite"/>
		<device_ref name="segaic16_video"/>
		<device_ref name="speaker"/>
		<device_ref name="ym2151"/>
		<device_ref name="upd7759"/>
		<device_ref name="netlist_sound"/>
		<device_ref name="nl_stream_in"/>
		<device_ref name="nl_stream_in"/>
		<device_ref name="nl_stream_in"/>
		<device_ref name="nl_stream_out"/>
		<chip type="cpu" tag="maincpu" name="Motorola MC68000" clock="10000000"/>
		<chip type="cpu" tag="soundcpu" name="MC-8123" clock="5000000"/>
		<chip type="audio" tag="mono" name="Speaker"/>
		<chip type="audio" tag="ym2151" name="YM2151 OPM" clock="4000000"/>
		<chip type="audio" tag="upd" name="NEC uPD7759" clock="640000"/>
		<chip type="audio" tag="netlist" name="Netlist Sound Device"/>
		<display tag="screen" type="raster" rotate="0" width="320" height="224" refresh="60.054389" pixclock="6293700" htotal="400" hbend="0" hbstart="320" vtotal="262" vbend="0" vbstart="224" />
		<sound channels="1"/>
		<input players="2" coins="2" service="yes">
			<control type="joy" player="1" buttons="3" ways="8"/>
			<control type="joy" player="2" buttons="3" ways="8"/>
		</input>
		<dipswitch name="Coin A" tag="DSW1" mask="15">
			<diplocation name="SW1" number="1"/>
			<diplocation name="SW1" number="2"/>
			<diplocation name="SW1" number="3"/>
			<diplocation name="SW1" number="4"/>
			<dipvalue name="4 Coins/1 Credit" value="7"/>
			<dipvalue name="3 Coins/1 Credit" value="8"/>
			<dipvalue name="2 Coins/1 Credit" value="9"/>
			<dipvalue name="2 Coins/1 Credit 5/3 6/4" value="5"/>
			<dipvalue name="2 Coins/1 Credit 4/3" value="4"/>
			<dipvalue name="1 Coin/1 Credit" value="15" default="yes"/>
			<dipvalue name="1 Coin/1 Credit 5/6" value="3"/>
			<dipvalue name="1 Coin/1 Credit 4/5" value="2"/>
			<dipvalue name="1 Coin/1 Credit 2/3" value="1"/>
			<dipvalue name="2 Coins/3 Credits" value="6"/>
			<dipvalue name="1 Coin/2 Credits" value="14"/>
			<dipvalue name="1 Coin/3 Credits" value="13"/>
			<dipvalue name="1 Coin/4 Credits" value="12"/>
			<dipvalue name="1 Coin/5 Credits" value="11"/>
			<dipvalue name="1 Coin/6 Credits" value="10"/>
			<dipvalue name="Free Play (if Coin B too) or 1/1" value="0"/>
		</dipswitch>
		<dipswitch name="Coin B" tag="DSW1" mask="240">
			<diplocation name="SW1" number="5"/>
			<diplocation name="SW1" number="6"/>
			<diplocation name="SW1" number="7"/>
			<diplocation name="SW1" number="8"/>
			<dipvalue name="4 Coins/1 Credit" value="112"/>
			<dipvalue name="3 Coins/1 Credit" value="128"/>
			<dipvalue name="2 Coins/1 Credit" value="144"/>
			<dipvalue name="2 Coins/1 Credit 5/3 6/4" value="80"/>
			<dipvalue name="2 Coins/1 Credit 4/3" value="64"/>
			<dipvalue name="1 Coin/1 Credit" value="240" default="yes"/>
			<dipvalue name="1 Coin/1 Credit 5/6" value="48"/>
			<dipvalue name="1 Coin/1 Credit 4/5" value="32"/>
			<dipvalue name="1 Coin/1 Credit 2/3" value="16"/>
			<dipvalue name="2 Coins/3 Credits" value="96"/>
			<dipvalue name="1 Coin/2 Credits" value="224"/>
			<dipvalue name="1 Coin/3 Credits" value="208"/>
			<dipvalue name="1 Coin/4 Credits" value="192"/>
			<dipvalue name="1 Coin/5 Credits" value="176"/>
			<dipvalue name="1 Coin/6 Credits" value="160"/>
			<dipvalue name="Free Play (if Coin A too) or 1/1" value="0"/>
		</dipswitch>
		<dipswitch name="Cabinet" tag="DSW2" mask="1">
			<diplocation name="SW2" number="1"/>
			<dipvalue name="Upright" value="0" default="yes"/>
			<dipvalue name="Cocktail" value="1"/>
		</dipswitch>
		<dipswitch name="Demo Sounds" tag="DSW2" mask="2">
			<diplocation name="SW2" number="2"/>
			<dipvalue name="Off" value="2"/>
			<dipvalue name="On" value="0" default="yes"/>
		</dipswitch>
		<dipswitch name="Lives" tag="DSW2" mask="12">
			<diplocation name="SW2" number="3"/>
			<diplocation name="SW2" number="4"/>
			<dipvalue name="2" value="8"/>
			<dipvalue name="3" value="12" default="yes"/>
			<dipvalue name="5" value="4"/>
			<dipvalue name="Free Play" value="0"/>
		</dipswitch>
		<dipswitch name="Difficulty" tag="DSW2" mask="48">
			<diplocation name="SW2" number="5"/>
			<diplocation name="SW2" number="6"/>
			<dipvalue name="Easy" value="32"/>
			<dipvalue name="Normal" value="48" default="yes"/>
			<dipvalue name="Hard" value="16"/>
			<dipvalue name="Hardest" value="0"/>
		</dipswitch>
		<dipswitch name="Enemy Bullet Speed" tag="DSW2" mask="64">
			<diplocation name="SW2" number="7"/>
			<dipvalue name="Slow" value="64" default="yes"/>
			<dipvalue name="Fast" value="0"/>
		</dipswitch>
		<dipswitch name="Language" tag="DSW2" mask="128">
			<diplocation name="SW2" number="8"/>
			<dipvalue name="Japanese" value="128" default="yes"/>
			<dipvalue name="English" value="0"/>
		</dipswitch>
		<port tag=":DSW1">
		</port>
		<port tag=":DSW2">
		</port>
		<port tag=":P1">
		</port>
		<port tag=":P2">
		</port>
		<port tag=":SERVICE">
		</port>
		<port tag=":UNUSED">
		</port>
		<driver status="good" emulation="good" savestate="unsupported"/>
	</machine>
	<machine name="shinobi4" sourcefile="segas16b.cpp" cloneof="shinobi" romof="shinobi">
		<description>Shinobi (set 4, System 16B) (MC-8123B 317-0054)</description>
		<year>1987</year>
		<manufacturer>Sega</manufacturer>
		<rom name="epr-11360.a7" size="131072" crc="b1f67ab9" sha1="83eddd1ef3fbe58f1f8e8d57229fabf1907fc371" region="maincpu" offset="0" flags="1000"/>
		<rom name="epr-11359.a5" size="131072" crc="0f0306e1" sha1="eebe7c88e5f665d1d0920fb9b545e20b05be9b52" region="maincpu" offset="1" flags="1000"/>
		<rom name="mpr-11363.a14" size="131072" crc="40914168" sha1="cf0508e8c852c24ec3d2fc4a4013aec631d2271f" region="gfx1" offset="0" flags="0"/>
		<rom name="mpr-11364.a15" size="131072" crc="e63649a4" sha1="042dded1ff964889571f63d2642b2b21b75f9763" region="gfx1" offset="20000" flags="0"/>
		<rom name="mpr-11365.a16" size="131072" crc="1ef55d20" sha1="314590881a2f18339b7b9c16010e408aa0164e04" region="gfx1" offset="40000" flags="0"/>
		<rom name="mpr-11366.b1" size="131072" crc="319ede73" sha1="c48ba4694ff677f30cc1ced3a3ad11c0feb1122d" region="sprites" offset="1" flags="1000"/>
		<rom name="mpr-11368.b5" size="131072" crc="0377d7ce" sha1="14f9674c142b78bf8b458beccfef93cc3e722c03" region="sprites" offset="0" flags="1000"/>
		<rom name="mpr-11367.b2" size="131072" crc="1d06c5c7" sha1="3a44f5a2058b96f212930c2e838eda1ce1036818" region="sprites" offset="40001" flags="1000"/>
		<rom name="mpr-11369.b6" size="131072" crc="d751d2a2" sha1="3659948beacfc8dde5c50775859aa3fed537f768" region="sprites" offset="40000" flags="1000"/>
		<rom name="epr-11377.a10" size="32768" crc="0fb6af34" sha1="ae9da18bd2db317ed96c5f642f90cc1eba60ba99" region="soundcpu" offset="0" flags="0"/>
		<rom name="mpr-11362.a11" size="131072" crc="256af749" sha1="041bd007ea7708c6d69f07865828b9bd17a139f5" region="soundcpu" offset="10000" flags="0"/>
		<rom name="317-0054.key" size="8192" crc="39fd4535" sha1="93bbb139d2d5acc6a1e338d92077e79a5e880b2e" region="soundcpu:key" offset="0" flags="0"/>
		<rom name="315-5298.b9" size="235" crc="39b47212" sha1="432b47aee5ecbf08a8a6dc2f8379c816feb86328" region="plds" offset="0" flags="0"/>
		<device_ref name="m68000"/>
		<device_ref name="mc8123"/>
		<device_ref name="nvram"/>
		<device_ref name="sega_315_5195"/>
		<device_ref name="gfxdecode"/>
		<device_ref name="palette"/>
		<device_ref name="screen"/>
		<device_ref name="sega_sys16b_sprite"/>
		<device_ref name="segaic16_video"/>
		<device_ref name="speaker"/>
		<device_ref name="ym2151"/>
		<device_ref name="upd7759"/>
		<device_ref name="netlist_sound"/>
		<device_ref name="nl_stream_in"/>
		<device_ref name="nl_stream_in"/>
		<device_ref name="nl_stream_in"/>
		<device_ref name="nl_stream_out"/>
		<chip type="cpu" tag="maincpu" name="Motorola MC68000" clock="10000000"/>
		<chip type="cpu" tag="soundcpu" name="MC-8123" clock="5000000"/>
		<chip type="audio" tag="mono" name="Speaker"/>
		<chip type="audio" tag="ym2151" name="YM2151 OPM" clock="4000000"/>
		<chip type="audio" tag="upd" name="NEC uPD7759" clock="640000"/>
		<chip type="audio" tag="netlist" name="Netlist Sound Device"/>
		<display tag="screen" type="raster" rotate="0" width="320" height="224" refresh="60.054389" pixclock="6293700" htotal="400" hbend="0" hbstart="320" vtotal="262" vbend="0" vbstart="224" />
		<sound channels="1"/>
		<input players="2" coins="2" service="yes">
			<control type="joy" player="1" buttons="3" ways="8"/>
			<control type="joy" player="2" buttons="3" ways="8"/>
		</input>
		<dipswitch name="Coin A" tag="DSW1" mask="15">
			<diplocation name="SW1" number="1"/>
			<diplocation name="SW1" number="2"/>
			<diplocation name="SW1" number="3"/>
			<diplocation name="SW1" number="4"/>
			<dipvalue name="4 Coins/1 Credit" value="7"/>
			<dipvalue name="3 Coins/1 Credit" value="8"/>
			<dipvalue name="2 Coins/1 Credit" value="9"/>
			<dipvalue name="2 Coins/1 Credit 5/3 6/4" value="5"/>
			<dipvalue name="2 Coins/1 Credit 4/3" value="4"/>
			<dipvalue name="1 Coin/1 Credit" value="15" default="yes"/>
			<dipvalue name="1 Coin/1 Credit 5/6" value="3"/>
			<dipvalue name="1 Coin/1 Credit 4/5" value="2"/>
			<dipvalue name="1 Coin/1 Credit 2/3" value="1"/>
			<dipvalue name="2 Coins/3 Credits" value="6"/>
			<dipvalue name="1 Coin/2 Credits" value="14"/>
			<dipvalue name="1 Coin/3 Credits" value="13"/>
			<dipvalue name="1 Coin/4 Credits" value="12"/>
			<dipvalue name="1 Coin/5 Credits" value="11"/>
			<dipvalue name="1 Coin/6 Credits" value="10"/>
			<dipvalue name="Free Play (if Coin B too) or 1/1" value="0"/>
		</dipswitch>
		<dipswitch name="Coin B" tag="DSW1" mask="240">
			<diplocation name="SW1" number="5"/>
			<diplocation name="SW1" number="6"/>
			<diplocation name="SW1" number="7"/>
			<diplocation name="SW1" number="8"/>
			<dipvalue name="4 Coins/1 Credit" value="112"/>
			<dipvalue name="3 Coins/1 Credit" value="128"/>
			<dipvalue name="2 Coins/1 Credit" value="144"/>
			<dipvalue name="2 Coins/1 Credit 5/3 6/4" value="80"/>
			<dipvalue name="2 Coins/1 Credit 4/3" value="64"/>
			<dipvalue name="1 Coin/1 Credit" value="240" default="yes"/>
			<dipvalue name="1 Coin/1 Credit 5/6" value="48"/>
			<dipvalue name="1 Coin/1 Credit 4/5" value="32"/>
			<dipvalue name="1 Coin/1 Credit 2/3" value="16"/>
			<dipvalue name="2 Coins/3 Credits" value="96"/>
			<dipvalue name="1 Coin/2 Credits" value="224"/>
			<dipvalue name="1 Coin/3 Credits" value="208"/>
			<dipvalue name="1 Coin/4 Credits" value="192"/>
			<dipvalue name="1 Coin/5 Credits" value="176"/>
			<dipvalue name="1 Coin/6 Credits" value="160"/>
			<dipvalue name="Free Play (if Coin A too) or 1/1" value="0"/>
		</dipswitch>
		<dipswitch name="Cabinet" tag="DSW2" mask="1">
			<diplocation name="SW2" number="1"/>
			<dipvalue name="Upright" value="0" default="yes"/>
			<dipvalue name="Cocktail" value="1"/>
		</dipswitch>
		<dipswitch name="Demo Sounds" tag="DSW2" mask="2">
			<diplocation name="SW2" number="2"/>
			<dipvalue name="Off" value="2"/>
			<dipvalue name="On" value="0" default="yes"/>
		</dipswitch>
		<dipswitch name="Lives" tag="DSW2" mask="12">
			<diplocation name="SW2" number="3"/>
			<diplocation name="SW2" number="4"/>
			<dipvalue name="2" value="8"/>
			<dipvalue name="3" value="12" default="yes"/>
			<dipvalue name="5" value="4"/>
			<dipvalue name="Free Play" value="0"/>
		</dipswitch>
		<dipswitch name="Difficulty" tag="DSW2" mask="48">
			<diplocation name="SW2" number="5"/>
			<diplocation name="SW2" number="6"/>
			<dipvalue name="Easy" value="32"/>
			<dipvalue name="Normal" value="48" default="yes"/>
			<dipvalue name="Hard" value="16"/>
			<dipvalue name="Hardest" value="0"/>
		</dipswitch>
		<dipswitch name="Enemy Bullet Speed" tag="DSW2" mask="64">
			<diplocation name="SW2" number="7"/>
			<dipvalue name="Slow" value="64" default="yes"/>
			<dipvalue name="Fast" value="0"/>
		</dipswitch>
		<dipswitch name="Language" tag="DSW2" mask="128">
			<diplocation name="SW2" number="8"/>
			<dipvalue name="Japanese" value="128" default="yes"/>
			<dipvalue name="English" value="0"/>
		</dipswitch>
		<port tag=":DSW1">
		</port>
		<port tag=":DSW2">
		</port>
		<port tag=":P1">
		</port>
		<port tag=":P2">
		</port>
		<port tag=":SERVICE">
		</port>
		<port tag=":UNUSED">
		</port>
		<driver status="good" emulation="good" savestate="unsupported"/>
	</machine>
	<machine name="shinobi5" sourcefile="segas16b.cpp" cloneof="shinobi" romof="shinobi">
		<description>Shinobi (set 5, System 16B) (unprotected)</description>
		<year>1987</year>
		<manufacturer>Sega</manufacturer>
		<rom name="epr-11299.a4" size="65536" crc="b930399d" sha1="955ff2948e1990463631b0bc5c7f5275384236cc" region="maincpu" offset="0" flags="1000"/>
		<rom name="epr-11298.a1" size="65536" crc="343f4c46" sha1="2cf5d00462ad85ae9a2e16d59171c8ab85e10f49" region="maincpu" offset="1" flags="1000"/>
		<rom name="epr-11283.a5" merge="epr-12011.42" size="65536" crc="9d46e707" sha1="37ab25b3b37365c9f45837bfb6ec80652691dd4c" region="maincpu" offset="20000" flags="1000"/>
		<rom name="epr-11281.a2" merge="epr-12009.25" size="65536" crc="7961d07e" sha1="38cbdab35f901532c0ad99ad0083513abd2ff182" region="maincpu" offset="20001" flags="1000"/>
		<rom name="opr-11284.b9" size="65536" crc="5f62e163" sha1="03f008745a1af84142ada647acf3601049f43ad5" region="gfx1" offset="0" flags="0"/>
		<rom name="opr-11285.b10" size="65536" crc="75f8fbc9" sha1="29072edcd583af60ec66b4c8bb82b179a3751edf" region="gfx1" offset="10000" flags="0"/>
		<rom name="opr-11286.b11" size="65536" crc="06508bb9" sha1="57c9036123ec8e35d0275ab6eaff25a16aa203d4" region="gfx1" offset="20000" flags="0"/>
		<rom name="opr-11290.b1" merge="epr-11290.10" size="65536" crc="611f413a" sha1="180f83216e2dfbfd77b0fb3be83c3042954d12df" region="sprites" offset="1" flags="1000"/>
		<rom name="opr-11294.b5" merge="epr-11294.11" size="65536" crc="5eb00fc1" sha1="97e02eee74f61fabcad2a9e24f1868cafaac1d51" region="sprites" offset="0" flags="1000"/>
		<rom name="opr-11291.b2" merge="epr-11291.17" size="65536" crc="3c0797c0" sha1="df18c7987281bd9379026c6cf7f96f6ae49fd7f9" region="sprites" offset="20001" flags="1000"/>
		<rom name="opr-11295.b6" merge="epr-11295.18" size="65536" crc="25307ef8" sha1="91ffbe436f80d583524ee113a8b7c0cf5d8ab286" region="sprites" offset="20000" flags="1000"/>
		<rom name="opr-11292.b3" merge="epr-11292.23" size="65536" crc="c29ac34e" sha1="b5e9b8c3233a7d6797f91531a0d9123febcf1660" region="sprites" offset="40001" flags="1000"/>
		<rom name="opr-11296.b7" merge="epr-11296.24" size="65536" crc="04a437f8" sha1="ea5fed64443236e3404fab243761e60e2e48c84c" region="sprites" offset="40000" flags="1000"/>
		<rom name="opr-11293.b4" merge="epr-11293.29" size="65536" crc="41f41063" sha1="5cc461e9738dddf9eea06831fce3702d94674163" region="sprites" offset="60001" flags="1000"/>
		<rom name="opr-11297.b8" merge="epr-11297.30" size="65536" crc="b6e1fd72" sha1="eb86e4bf880bd1a1d9bcab3f2f2e917bcaa06172" region="sprites" offset="60000" flags="1000"/>
		<rom name="epr-11287.a7" size="32768" crc="e8cccd42" sha1="39cbf9298540b9d5a26f47fcf6c9b89b6cead6c9" region="soundcpu" offset="0" flags="0"/>
		<rom name="epr-11288.a8" size="32768" crc="c8df8460" sha1="0aeb41a493df155edb5f600f53ec43b798927dff" region="soundcpu" offset="10000" flags="0"/>
		<rom name="epr-11289.a9" size="32768" crc="e5a4cf30" sha1="d1982da7a550c11ab2253f5d64ac6ab847da0a04" region="soundcpu" offset="20000" flags="0"/>
		<device_ref name="m68000"/>
		<device_ref name="z80"/>
		<device_ref name="nvram"/>
		<device_ref name="sega_315_5195"/>
		<device_ref name="gfxdecode"/>
		<device_ref name="palette"/>
		<device_ref name="screen"/>
		<device_ref name="sega_sys16b_sprite"/>
		<device_ref name="segaic16_video"/>
		<device_ref name="speaker"/>
		<device_ref name="ym2151"/>
		<device_ref name="upd7759"/>
		<device_ref name="netlist_sound"/>
		<device_ref name="nl_stream_in"/>
		<device_ref name="nl_stream_in"/>
		<device_ref name="nl_stream_in"/>
		<device_ref name="nl_stream_out"/>
		<chip type="cpu" tag="maincpu" name="Motorola MC68000" clock="10000000"/>
		<chip type="cpu" tag="soundcpu" name="Zilog Z80" clock="5000000"/>
		<chip type="audio" tag="mono" name="Speaker"/>
		<chip type="audio" tag="ym2151" name="YM2151 OPM" clock="4000000"/>
		<chip type="audio" tag="upd" name="NEC uPD7759" clock="640000"/>
		<chip type="audio" tag="netlist" name="Netlist Sound Device"/>
		<display tag="screen" type="raster" rotate="0" width="320" height="224" refresh="60.054389" pixclock="6293700" htotal="400" hbend="0" hbstart="320" vtotal="262" vbend="0" vbstart="224" />
		<sound channels="1"/>
		<input players="2" coins="2" service="yes">
			<control type="joy" player="1" buttons="3" ways="8"/>
			<control type="joy" player="2" buttons="3" ways="8"/>
		</input>
		<dipswitch name="Coin A" tag="DSW1" mask="15">
			<diplocation name="SW1" number="1"/>
			<diplocation name="SW1" number="2"/>
			<diplocation name="SW1" number="3"/>
			<diplocation name="SW1" number="4"/>
			<dipvalue name="4 Coins/1 Credit" value="7"/>
			<dipvalue name="3 Coins/1 Credit" value="8"/>
			<dipvalue name="2 Coins/1 Credit" value="9"/>
			<dipvalue name="2 Coins/1 Credit 5/3 6/4" value="5"/>
			<dipvalue name="2 Coins/1 Credit 4/3" value="4"/>
			<dipvalue name="1 Coin/1 Credit" value="15" default="yes"/>
			<dipvalue name="1 Coin/1 Credit 5/6" value="3"/>
			<dipvalue name="1 Coin/1 Credit 4/5" value="2"/>
			<dipvalue name="1 Coin/1 Credit 2/3" value="1"/>
			<dipvalue name="2 Coins/3 Credits" value="6"/>
			<dipvalue name="1 Coin/2 Credits" value="14"/>
			<dipvalue name="1 Coin/3 Credits" value="13"/>
			<dipvalue name="1 Coin/4 Credits" value="12"/>
			<dipvalue name="1 Coin/5 Credits" value="11"/>
			<dipvalue name="1 Coin/6 Credits" value="10"/>
			<dipvalue name="Free Play (if Coin B too) or 1/1" value="0"/>
		</dipswitch>
		<dipswitch name="Coin B" tag="DSW1" mask="240">
			<diplocation name="SW1" number="5"/>
			<diplocation name="SW1" number="6"/>
			<diplocation name="SW1" number="7"/>
			<diplocation name="SW1" number="8"/>
			<dipvalue name="4 Coins/1 Credit" value="112"/>
			<dipvalue name="3 Coins/1 Credit" value="128"/>
			<dipvalue name="2 Coins/1 Credit" value="144"/>
			<dipvalue name="2 Coins/1 Credit 5/3 6/4" value="80"/>
			<dipvalue name="2 Coins/1 Credit 4/3" value="64"/>
			<dipvalue name="1 Coin/1 Credit" value="240" default="yes"/>
			<dipvalue name="1 Coin/1 Credit 5/6" value="48"/>
			<dipvalue name="1 Coin/1 Credit 4/5" value="32"/>
			<dipvalue name="1 Coin/1 Credit 2/3" value="16"/>
			<dipvalue name="2 Coins/3 Credits" value="96"/>
			<dipvalue name="1 Coin/2 Credits" value="224"/>
			<dipvalue name="1 Coin/3 Credits" value="208"/>
			<dipvalue name="1 Coin/4 Credits" value="192"/>
			<dipvalue name="1 Coin/5 Credits" value="176"/>
			<dipvalue name="1 Coin/6 Credits" value="160"/>
			<dipvalue name="Free Play (if Coin A too) or 1/1" value="0"/>
		</dipswitch>
		<dipswitch name="Cabinet" tag="DSW2" mask="1">
			<diplocation name="SW2" number="1"/>
			<dipvalue name="Upright" value="0" default="yes"/>
			<dipvalue name="Cocktail" value="1"/>
		</dipswitch>
		<dipswitch name="Demo Sounds" tag="DSW2" mask="2">
			<diplocation name="SW2" number="2"/>
			<dipvalue name="Off" value="2"/>
			<dipvalue name="On" value="0" default="yes"/>
		</dipswitch>
		<dipswitch name="Lives" tag="DSW2" mask="12">
			<diplocation name="SW2" number="3"/>
			<diplocation name="SW2" number="4"/>
			<dipvalue name="2" value="8"/>
			<dipvalue name="3" value="12" default="yes"/>
			<dipvalue name="5" value="4"/>
			<dipvalue name="Free Play" value="0"/>
		</dipswitch>
		<dipswitch name="Difficulty" tag="DSW2" mask="48">
			<diplocation name="SW2" number="5"/>
			<diplocation name="SW2" number="6"/>
			<dipvalue name="Easy" value="32"/>
			<dipvalue name="Normal" value="48" default="yes"/>
			<dipvalue name="Hard" value="16"/>
			<dipvalue name="Hardest" value="0"/>
		</dipswitch>
		<dipswitch name="Enemy Bullet Speed" tag="DSW2" mask="64">
			<diplocation name="SW2" number="7"/>
			<dipvalue name="Slow" value="64" default="yes"/>
			<dipvalue name="Fast" value="0"/>
		</dipswitch>
		<dipswitch name="Language" tag="DSW2" mask="128">
			<diplocation name="SW2" number="8"/>
			<dipvalue name="Japanese" value="128" default="yes"/>
			<dipvalue name="English" value="0"/>
		</dipswitch>
		<port tag=":DSW1">
		</port>
		<port tag=":DSW2">
		</port>
		<port tag=":P1">
		</port>
		<port tag=":P2">
		</port>
		<port tag=":SERVICE">
		</port>
		<port tag=":UNUSED">
		</port>
		<driver status="good" emulation="good" savestate="unsupported"/>
	</machine>
	<machine name="shinobi6" sourcefile="segas16b.cpp" cloneof="shinobi" romof="shinobi">
		<description>Shinobi (set 6, System 16B) (unprotected)</description>
		<year>1987</year>
		<manufacturer>Sega</manufacturer>
		<rom name="epr-11360.a7" size="131072" crc="b1f67ab9" sha1="83eddd1ef3fbe58f1f8e8d57229fabf1907fc371" region="maincpu" offset="0" flags="1000"/>
		<rom name="epr-11359.a5" size="131072" crc="0f0306e1" sha1="eebe7c88e5f665d1d0920fb9b545e20b05be9b52" region="maincpu" offset="1" flags="1000"/>
		<rom name="mpr-11363.a14" size="131072" crc="40914168" sha1="cf0508e8c852c24ec3d2fc4a4013aec631d2271f" region="gfx1" offset="0" flags="0"/>
		<rom name="mpr-11364.a15" size="131072" crc="e63649a4" sha1="042dded1ff964889571f63d2642b2b21b75f9763" region="gfx1" offset="20000" flags="0"/>
		<rom name="mpr-11365.a16" size="131072" crc="1ef55d20" sha1="314590881a2f18339b7b9c16010e408aa0164e04" region="gfx1" offset="40000" flags="0"/>
		<rom name="mpr-11366.b1" size="131072" crc="319ede73" sha1="c48ba4694ff677f30cc1ced3a3ad11c0feb1122d" region="sprites" offset="1" flags="1000"/>
		<rom name="mpr-11368.b5" size="131072" crc="0377d7ce" sha1="14f9674c142b78bf8b458beccfef93cc3e722c03" region="sprites" offset="0" flags="1000"/>
		<rom name="mpr-11367.b2" size="131072" crc="1d06c5c7" sha1="3a44f5a2058b96f212930c2e838eda1ce1036818" region="sprites" offset="40001" flags="1000"/>
		<rom name="mpr-11369.b6" size="131072" crc="d751d2a2" sha1="3659948beacfc8dde5c50775859aa3fed537f768" region="sprites" offset="40000" flags="1000"/>
		<rom name="epr-11361.a10" size="32768" crc="1f47ebcb" sha1="32837f3f1dd5ff309d1d955c1a738c444b248d3d" region="soundcpu" offset="0" flags="0"/>
		<rom name="mpr-11362.a11" size="131072" crc="256af749" sha1="041bd007ea7708c6d69f07865828b9bd17a139f5" region="soundcpu" offset="10000" flags="0"/>
		<rom name="315-5298.b9" size="235" crc="39b47212" sha1="432b47aee5ecbf08a8a6dc2f8379c816feb86328" region="plds" offset="0" flags="0"/>
		<device_ref name="m68000"/>
		<device_ref name="z80"/>
		<device_ref name="nvram"/>
		<device_ref name="sega_315_5195"/>
		<device_ref name="gfxdecode"/>
		<device_ref name="palette"/>
		<device_ref name="screen"/>
		<device_ref name="sega_sys16b_sprite"/>
		<device_ref name="segaic16_video"/>
		<device_ref name="speaker"/>
		<device_ref name="ym2151"/>
		<device_ref name="upd7759"/>
		<device_ref name="netlist_sound"/>
		<device_ref name="nl_stream_in"/>
		<device_ref name="nl_stream_in"/>
		<device_ref name="nl_stream_in"/>
		<device_ref name="nl_stream_out"/>
		<chip type="cpu" tag="maincpu" name="Motorola MC68000" clock="10000000"/>
		<chip type="cpu" tag="soundcpu" name="Zilog Z80" clock="5000000"/>
		<chip type="audio" tag="mono" name="Speaker"/>
		<chip type="audio" tag="ym2151" name="YM2151 OPM" clock="4000000"/>
		<chip type="audio" tag="upd" name="NEC uPD7759" clock="640000"/>
		<chip type="audio" tag="netlist" name="Netlist Sound Device"/>
		<display tag="screen" type="raster" rotate="0" width="320" height="224" refresh="60.054389" pixclock="6293700" htotal="400" hbend="0" hbstart="320" vtotal="262" vbend="0" vbstart="224" />
		<sound channels="1"/>
		<input players="2" coins="2" service="yes">
			<control type="joy" player="1" buttons="3" ways="8"/>
			<control type="joy" player="2" buttons="3" ways="8"/>
		</input>
		<dipswitch name="Coin A" tag="DSW1" mask="15">
			<diplocation name="SW1" number="1"/>
			<diplocation name="SW1" number="2"/>
			<diplocation name="SW1" number="3"/>
			<diplocation name="SW1" number="4"/>
			<dipvalue name="4 Coins/1 Credit" value="7"/>
			<dipvalue name="3 Coins/1 Credit" value="8"/>
			<dipvalue name="2 Coins/1 Credit" value="9"/>
			<dipvalue name="2 Coins/1 Credit 5/3 6/4" value="5"/>
			<dipvalue name="2 Coins/1 Credit 4/3" value="4"/>
			<dipvalue name="1 Coin/1 Credit" value="15" default="yes"/>
			<dipvalue name="1 Coin/1 Credit 5/6" value="3"/>
			<dipvalue name="1 Coin/1 Credit 4/5" value="2"/>
			<dipvalue name="1 Coin/1 Credit 2/3" value="1"/>
			<dipvalue name="2 Coins/3 Credits" value="6"/>
			<dipvalue name="1 Coin/2 Credits" value="14"/>
			<dipvalue name="1 Coin/3 Credits" value="13"/>
			<dipvalue name="1 Coin/4 Credits" value="12"/>
			<dipvalue name="1 Coin/5 Credits" value="11"/>
			<dipvalue name="1 Coin/6 Credits" value="10"/>
			<dipvalue name="Free Play (if Coin B too) or 1/1" value="0"/>
		</dipswitch>
		<dipswitch name="Coin B" tag="DSW1" mask="240">
			<diplocation name="SW1" number="5"/>
			<diplocation name="SW1" number="6"/>
			<diplocation name="SW1" number="7"/>
			<diplocation name="SW1" number="8"/>
			<dipvalue name="4 Coins/1 Credit" value="112"/>
			<dipvalue name="3 Coins/1 Credit" value="128"/>
			<dipvalue name="2 Coins/1 Credit" value="144"/>
			<dipvalue name="2 Coins/1 Credit 5/3 6/4" value="80"/>
			<dipvalue name="2 Coins/1 Credit 4/3" value="64"/>
			<dipvalue name="1 Coin/1 Credit" value="240" default="yes"/>
			<dipvalue name="1 Coin/1 Credit 5/6" value="48"/>
			<dipvalue name="1 Coin/1 Credit 4/5" value="32"/>
			<dipvalue name="1 Coin/1 Credit 2/3" value="16"/>
			<dipvalue name="2 Coins/3 Credits" value="96"/>
			<dipvalue name="1 Coin/2 Credits" value="224"/>
			<dipvalue name="1 Coin/3 Credits" value="208"/>
			<dipvalue name="1 Coin/4 Credits" value="192"/>
			<dipvalue name="1 Coin/5 Credits" value="176"/>
			<dipvalue name="1 Coin/6 Credits" value="160"/>
			<dipvalue name="Free Play (if Coin A too) or 1/1" value="0"/>
		</dipswitch>
		<dipswitch name="Cabinet" tag="DSW2" mask="1">
			<diplocation name="SW2" number="1"/>
			<dipvalue name="Upright" value="0" default="yes"/>
			<dipvalue name="Cocktail" value="1"/>
		</dipswitch>
		<dipswitch name="Demo Sounds" tag="DSW2" mask="2">
			<diplocation name="SW2" number="2"/>
			<dipvalue name="Off" value="2"/>
			<dipvalue name="On" value="0" default="yes"/>
		</dipswitch>
		<dipswitch name="Lives" tag="DSW2" mask="12">
			<diplocation name="SW2" number="3"/>
			<diplocation name="SW2" number="4"/>
			<dipvalue name="2" value="8"/>
			<dipvalue name="3" value="12" default="yes"/>
			<dipvalue name="5" value="4"/>
			<dipvalue name="Free Play" value="0"/>
		</dipswitch>
		<dipswitch name="Difficulty" tag="DSW2" mask="48">
			<diplocation name="SW2" number="5"/>
			<diplocation name="SW2" number="6"/>
			<dipvalue name="Easy" value="32"/>
			<dipvalue name="Normal" value="48" default="yes"/>
			<dipvalue name="Hard" value="16"/>
			<dipvalue name="Hardest" value="0"/>
		</dipswitch>
		<dipswitch name="Enemy Bullet Speed" tag="DSW2" mask="64">
			<diplocation name="SW2" number="7"/>
			<dipvalue name="Slow" value="64" default="yes"/>
			<dipvalue name="Fast" value="0"/>
		</dipswitch>
		<dipswitch name="Language" tag="DSW2" mask="128">
			<diplocation name="SW2" number="8"/>
			<dipvalue name="Japanese" value="128" default="yes"/>
			<dipvalue name="English" value="0"/>
		</dipswitch>
		<port tag=":DSW1">
		</port>
		<port tag=":DSW2">
		</port>
		<port tag=":P1">
		</port>
		<port tag=":P2">
		</port>
		<port tag=":SERVICE">
		</port>
		<port tag=":UNUSED">
		</port>
		<driver status="good" emulation="good" savestate="unsupported"/>
	</machine>
	<machine name="shinoblb" sourcefile="segas16a.cpp" cloneof="shinobi" romof="shinobi">
		<description>Shinobi (Beta Bootleg, S16A)</description>
		<year>1987</year>
		<manufacturer>bootleg (Beta)</manufacturer>
		<rom name="4.3k" size="65536" crc="c178a39c" sha1="05ff1679cdfc3618df8b3fabdeab64b1f2299aa3" region="maincpu" offset="0" flags="1000"/>
		<rom name="2.3n" size="65536" crc="5ad8ebf2" sha1="b22e0c8d4b27c553abface17c625e207d19417ab" region="maincpu" offset="1" flags="1000"/>
		<rom name="5.2k" size="65536" crc="a2a620bd" sha1="f8b135ce14d6c5eac5e40ddfd5ad2f1e6f2bc7a6" region="maincpu" offset="20000" flags="1000"/>
		<rom name="3.2n" size="65536" crc="a3ceda52" sha1="97a1c52a162fb1d43b3f8f16613b70ce582a8d26" region="maincpu" offset="20001" flags="1000"/>
		<rom name="8.3b" merge="epr-11264.95" size="65536" crc="46627e7d" sha1="66bb5b22a2100e7b9df303007a837bc2d52cf7ba" region="gfx1" offset="0" flags="0"/>
		<rom name="7.4b" merge="epr-11265.94" size="65536" crc="87d0f321" sha1="885b38eaff2dcaeab4eeaa20cc8a2885d520abd6" region="gfx1" offset="10000" flags="0"/>
		<rom name="6.5b" merge="epr-11266.93" size="65536" crc="efb4af87" sha1="0b8a905023e1bc808fd2b1c3cfa3778cde79e659" region="gfx1" offset="20000" flags="0"/>
		<rom name="9.6r" merge="epr-11290.10" size="65536" crc="611f413a" sha1="180f83216e2dfbfd77b0fb3be83c3042954d12df" region="sprites" offset="1" flags="1000"/>
		<rom name="13.8r" merge="epr-11294.11" size="65536" crc="5eb00fc1" sha1="97e02eee74f61fabcad2a9e24f1868cafaac1d51" region="sprites" offset="0" flags="1000"/>
		<rom name="10.6q" merge="epr-11291.17" size="65536" crc="3c0797c0" sha1="df18c7987281bd9379026c6cf7f96f6ae49fd7f9" region="sprites" offset="10001" flags="1000"/>
		<rom name="14.8q" merge="epr-11295.18" size="65536" crc="25307ef8" sha1="91ffbe436f80d583524ee113a8b7c0cf5d8ab286" region="sprites" offset="10000" flags="1000"/>
		<rom name="11.6p" merge="epr-11292.23" size="65536" crc="c29ac34e" sha1="b5e9b8c3233a7d6797f91531a0d9123febcf1660" region="sprites" offset="20001" flags="1000"/>
		<rom name="15.8p" merge="epr-11296.24" size="65536" crc="04a437f8" sha1="ea5fed64443236e3404fab243761e60e2e48c84c" region="sprites" offset="20000" flags="1000"/>
		<rom name="12.6n" merge="epr-11293.29" size="65536" crc="41f41063" sha1="5cc461e9738dddf9eea06831fce3702d94674163" region="sprites" offset="30001" flags="1000"/>
		<rom name="16.8n" merge="epr-11297.30" size="65536" crc="b6e1fd72" sha1="eb86e4bf880bd1a1d9bcab3f2f2e917bcaa06172" region="sprites" offset="30000" flags="1000"/>
		<rom name="1.5s" merge="epr-11267.12" size="32768" crc="dd50b745" sha1="52e1977569d3713ad864d607170c9a61cd059a65" region="soundcpu" offset="0" flags="0"/>
		<rom name="7751.bin" merge="7751.bin" size="1024" crc="6a9534fc" sha1="67ad94674db5c2aab75785668f610f6f4eccd158" region="n7751" offset="0" flags="0"/>
		<rom name="b9" merge="epr-11268.1" size="32768" crc="6d7966da" sha1="90f55a99f784c21d7c135e630f4e8b1d4d043d66" region="n7751data" offset="0" flags="0"/>
		<rom name="17.6u" size="32768" crc="b7a6890c" sha1="6431df82c7dbe454cabc6084c1a677ebb42ae4b3" status="baddump" region="samples" offset="0" flags="0"/>
		<device_ref name="m68000"/>
		<device_ref name="z80"/>
		<device_ref name="n7751"/>
		<device_ref name="i8243"/>
		<device_ref name="nvram"/>
		<device_ref name="watchdog"/>
		<device_ref name="i8255"/>
		<device_ref name="screen"/>
		<device_ref name="sega_sys16a_sprite"/>
		<device_ref name="segaic16_video"/>
		<device_ref name="gfxdecode"/>
		<device_ref name="palette"/>
		<device_ref name="speaker"/>
		<device_ref name="generic_latch_8"/>
		<device_ref name="ym2151"/>
		<device_ref name="dac_8bit_r2r"/>
		<chip type="cpu" tag="maincpu" name="Motorola MC68000" clock="10000000"/>
		<chip type="cpu" tag="soundcpu" name="Zilog Z80" clock="4000000"/>
		<chip type="cpu" tag="n7751" name="N7751" clock="6000000"/>
		<chip type="audio" tag="speaker" name="Speaker"/>
		<chip type="audio" tag="ymsnd" name="YM2151 OPM" clock="4000000"/>
		<chip type="audio" tag="dac" name="8-Bit R-2R DAC"/>
		<display tag="screen" type="raster" rotate="0" width="320" height="224" refresh="60.000000" pixclock="5376240" htotal="342" hbend="0" hbstart="320" vtotal="262" vbend="0" vbstart="224" />
		<sound channels="1"/>
		<input players="2" coins="2" service="yes">
			<control type="joy" player="1" buttons="3" ways="8"/>
			<control type="joy" player="2" buttons="3" ways="8"/>
		</input>
		<dipswitch name="Coin A" tag="DSW1" mask="15">
			<diplocation name="SW1" number="1"/>
			<diplocation name="SW1" number="2"/>
			<diplocation name="SW1" number="3"/>
			<diplocation name="SW1" number="4"/>
			<dipvalue name="4 Coins/1 Credit" value="7"/>
			<dipvalue name="3 Coins/1 Credit" value="8"/>
			<dipvalue name="2 Coins/1 Credit" value="9"/>
			<dipvalue name="2 Coins/1 Credit 5/3 6/4" value="5"/>
			<dipvalue name="2 Coins/1 Credit 4/3" value="4"/>
			<dipvalue name="1 Coin/1 Credit" value="15" default="yes"/>
			<dipvalue name="1 Coin/1 Credit 5/6" value="3"/>
			<dipvalue name="1 Coin/1 Credit 4/5" value="2"/>
			<dipvalue name="1 Coin/1 Credit 2/3" value="1"/>
			<dipvalue name="2 Coins/3 Credits" value="6"/>
			<dipvalue name="1 Coin/2 Credits" value="14"/>
			<dipvalue name="1 Coin/3 Credits" value="13"/>
			<dipvalue name="1 Coin/4 Credits" value="12"/>
			<dipvalue name="1 Coin/5 Credits" value="11"/>
			<dipvalue name="1 Coin/6 Credits" value="10"/>
			<dipvalue name="Free Play (if Coin B too) or 1/1" value="0"/>
		</dipswitch>
		<dipswitch name="Coin B" tag="DSW1" mask="240">
			<diplocation name="SW1" number="5"/>
			<diplocation name="SW1" number="6"/>
			<diplocation name="SW1" number="7"/>
			<diplocation name="SW1" number="8"/>
			<dipvalue name="4 Coins/1 Credit" value="112"/>
			<dipvalue name="3 Coins/1 Credit" value="128"/>
			<dipvalue name="2 Coins/1 Credit" value="144"/>
			<dipvalue name="2 Coins/1 Credit 5/3 6/4" value="80"/>
			<dipvalue name="2 Coins/1 Credit 4/3" value="64"/>
			<dipvalue name="1 Coin/1 Credit" value="240" default="yes"/>
			<dipvalue name="1 Coin/1 Credit 5/6" value="48"/>
			<dipvalue name="1 Coin/1 Credit 4/5" value="32"/>
			<dipvalue name="1 Coin/1 Credit 2/3" value="16"/>
			<dipvalue name="2 Coins/3 Credits" value="96"/>
			<dipvalue name="1 Coin/2 Credits" value="224"/>
			<dipvalue name="1 Coin/3 Credits" value="208"/>
			<dipvalue name="1 Coin/4 Credits" value="192"/>
			<dipvalue name="1 Coin/5 Credits" value="176"/>
			<dipvalue name="1 Coin/6 Credits" value="160"/>
			<dipvalue name="Free Play (if Coin A too) or 1/1" value="0"/>
		</dipswitch>
		<dipswitch name="Cabinet" tag="DSW2" mask="1">
			<diplocation name="SW2" number="1"/>
			<dipvalue name="Upright" value="0" default="yes"/>
			<dipvalue name="Cocktail" value="1"/>
		</dipswitch>
		<dipswitch name="Demo Sounds" tag="DSW2" mask="2">
			<diplocation name="SW2" number="2"/>
			<dipvalue name="Off" value="2"/>
			<dipvalue name="On" value="0" default="yes"/>
		</dipswitch>
		<dipswitch name="Lives" tag="DSW2" mask="12">
			<diplocation name="SW2" number="3"/>
			<diplocation name="SW2" number="4"/>
			<dipvalue name="2" value="8"/>
			<dipvalue name="3" value="12" default="yes"/>
			<dipvalue name="5" value="4"/>
			<dipvalue name="Free Play" value="0"/>
		</dipswitch>
		<dipswitch name="Difficulty" tag="DSW2" mask="48">
			<diplocation name="SW2" number="5"/>
			<diplocation name="SW2" number="6"/>
			<dipvalue name="Easy" value="32"/>
			<dipvalue name="Normal" value="48" default="yes"/>
			<dipvalue name="Hard" value="16"/>
			<dipvalue name="Hardest" value="0"/>
		</dipswitch>
		<dipswitch name="Enemy Bullet Speed" tag="DSW2" mask="64">
			<diplocation name="SW2" number="7"/>
			<dipvalue name="Slow" value="64" default="yes"/>
			<dipvalue name="Fast" value="0"/>
		</dipswitch>
		<dipswitch name="Language" tag="DSW2" mask="128">
			<diplocation name="SW2" number="8"/>
			<dipvalue name="Japanese" value="128" default="yes"/>
			<dipvalue name="English" value="0"/>
		</dipswitch>
		<port tag=":DSW1">
		</port>
		<port tag=":DSW2">
		</port>
		<port tag=":P1">
		</port>
		<port tag=":P2">
		</port>
		<port tag=":SERVICE">
		</port>
		<port tag=":UNUSED">
		</port>
		<driver status="good" emulation="good" savestate="supported"/>
	</machine>
	<machine name="shinobls" sourcefile="segas16a.cpp" cloneof="shinobi" romof="shinobi">
		<description>Shinobi (Star Bootleg, S16A)</description>
		<year>1987</year>
		<manufacturer>bootleg (Star)</manufacturer>
		<rom name="b3" size="65536" crc="38e59646" sha1="6a13015a93260ab99811b95950bb122eade01c27" region="maincpu" offset="0" flags="1000"/>
		<rom name="b1" size="65536" crc="8529d192" sha1="202b912d20a2d82abe055b4a5e8c509ab7d69ff8" region="maincpu" offset="1" flags="1000"/>
		<rom name="b4" size="65536" crc="a2a620bd" sha1="f8b135ce14d6c5eac5e40ddfd5ad2f1e6f2bc7a6" region="maincpu" offset="20000" flags="1000"/>
		<rom name="b2" size="65536" crc="a3ceda52" sha1="97a1c52a162fb1d43b3f8f16613b70ce582a8d26" region="maincpu" offset="20001" flags="1000"/>
		<rom name="b5" merge="epr-11264.95" size="65536" crc="46627e7d" sha1="66bb5b22a2100e7b9df303007a837bc2d52cf7ba" region="gfx1" offset="0" flags="0"/>
		<rom name="b6" merge="epr-11265.94" size="65536" crc="87d0f321" sha1="885b38eaff2dcaeab4eeaa20cc8a2885d520abd6" region="gfx1" offset="10000" flags="0"/>
		<rom name="b7" merge="epr-11266.93" size="65536" crc="efb4af87" sha1="0b8a905023e1bc808fd2b1c3cfa3778cde79e659" region="gfx1" offset="20000" flags="0"/>
		<rom name="b10" merge="epr-11290.10" size="65536" crc="611f413a" sha1="180f83216e2dfbfd77b0fb3be83c3042954d12df" region="sprites" offset="1" flags="1000"/>
		<rom name="b14" merge="epr-11294.11" size="65536" crc="5eb00fc1" sha1="97e02eee74f61fabcad2a9e24f1868cafaac1d51" region="sprites" offset="0" flags="1000"/>
		<rom name="b11" merge="epr-11291.17" size="65536" crc="3c0797c0" sha1="df18c7987281bd9379026c6cf7f96f6ae49fd7f9" region="sprites" offset="10001" flags="1000"/>
		<rom name="b15" merge="epr-11295.18" size="65536" crc="25307ef8" sha1="91ffbe436f80d583524ee113a8b7c0cf5d8ab286" region="sprites" offset="10000" flags="1000"/>
		<rom name="b12" merge="epr-11292.23" size="65536" crc="c29ac34e" sha1="b5e9b8c3233a7d6797f91531a0d9123febcf1660" region="sprites" offset="20001" flags="1000"/>
		<rom name="b16" merge="epr-11296.24" size="65536" crc="04a437f8" sha1="ea5fed64443236e3404fab243761e60e2e48c84c" region="sprites" offset="20000" flags="1000"/>
		<rom name="b13" size="65536" crc="7e98bd36" sha1="069c51478af7567e704fc9e25c9e327f02db171d" region="sprites" offset="30001" flags="1000"/>
		<rom name="b17" size="65536" crc="0315cf42" sha1="2d129171aece883cb9c2805f894b3867ec98332b" region="sprites" offset="30000" flags="1000"/>
		<rom name="b8" merge="epr-11267.12" size="32768" crc="dd50b745" sha1="52e1977569d3713ad864d607170c9a61cd059a65" region="soundcpu" offset="0" flags="0"/>
		<rom name="7751.bin" merge="7751.bin" size="1024" crc="6a9534fc" sha1="67ad94674db5c2aab75785668f610f6f4eccd158" region="n7751" offset="0" flags="0"/>
		<rom name="b9" merge="epr-11268.1" size="32768" crc="6d7966da" sha1="90f55a99f784c21d7c135e630f4e8b1d4d043d66" region="n7751data" offset="0" flags="0"/>
		<device_ref name="m68000"/>
		<device_ref name="z80"/>
		<device_ref name="n7751"/>
		<device_ref name="i8243"/>
		<device_ref name="nvram"/>
		<device_ref name="watchdog"/>
		<device_ref name="i8255"/>
		<device_ref name="screen"/>
		<device_ref name="sega_sys16a_sprite"/>
		<device_ref name="segaic16_video"/>
		<device_ref name="gfxdecode"/>
		<device_ref name="palette"/>
		<device_ref name="speaker"/>
		<device_ref name="generic_latch_8"/>
		<device_ref name="ym2151"/>
		<device_ref name="dac_8bit_r2r"/>
		<chip type="cpu" tag="maincpu" name="Motorola MC68000" clock="10000000"/>
		<chip type="cpu" tag="soundcpu" name="Zilog Z80" clock="4000000"/>
		<chip type="cpu" tag="n7751" name="N7751" clock="6000000"/>
		<chip type="audio" tag="speaker" name="Speaker"/>
		<chip type="audio" tag="ymsnd" name="YM2151 OPM" clock="4000000"/>
		<chip type="audio" tag="dac" name="8-Bit R-2R DAC"/>
		<display tag="screen" type="raster" rotate="0" width="320" height="224" refresh="60.000000" pixclock="5376240" htotal="342" hbend="0" hbstart="320" vtotal="262" vbend="0" vbstart="224" />
		<sound channels="1"/>
		<input players="2" coins="2" service="yes">
			<control type="joy" player="1" buttons="3" ways="8"/>
			<control type="joy" player="2" buttons="3" ways="8"/>
		</input>
		<dipswitch name="Coin A" tag="DSW1" mask="15">
			<diplocation name="SW1" number="1"/>
			<diplocation name="SW1" number="2"/>
			<diplocation name="SW1" number="3"/>
			<diplocation name="SW1" number="4"/>
			<dipvalue name="4 Coins/1 Credit" value="7"/>
			<dipvalue name="3 Coins/1 Credit" value="8"/>
			<dipvalue name="2 Coins/1 Credit" value="9"/>
			<dipvalue name="2 Coins/1 Credit 5/3 6/4" value="5"/>
			<dipvalue name="2 Coins/1 Credit 4/3" value="4"/>
			<dipvalue name="1 Coin/1 Credit" value="15" default="yes"/>
			<dipvalue name="1 Coin/1 Credit 5/6" value="3"/>
			<dipvalue name="1 Coin/1 Credit 4/5" value="2"/>
			<dipvalue name="1 Coin/1 Credit 2/3" value="1"/>
			<dipvalue name="2 Coins/3 Credits" value="6"/>
			<dipvalue name="1 Coin/2 Credits" value="14"/>
			<dipvalue name="1 Coin/3 Credits" value="13"/>
			<dipvalue name="1 Coin/4 Credits" value="12"/>
			<dipvalue name="1 Coin/5 Credits" value="11"/>
			<dipvalue name="1 Coin/6 Credits" value="10"/>
			<dipvalue name="Free Play (if Coin B too) or 1/1" value="0"/>
		</dipswitch>
		<dipswitch name="Coin B" tag="DSW1" mask="240">
			<diplocation name="SW1" number="5"/>
			<diplocation name="SW1" number="6"/>
			<diplocation name="SW1" number="7"/>
			<diplocation name="SW1" number="8"/>
			<dipvalue name="4 Coins/1 Credit" value="112"/>
			<dipvalue name="3 Coins/1 Credit" value="128"/>
			<dipvalue name="2 Coins/1 Credit" value="144"/>
			<dipvalue name="2 Coins/1 Credit 5/3 6/4" value="80"/>
			<dipvalue name="2 Coins/1 Credit 4/3" value="64"/>
			<dipvalue name="1 Coin/1 Credit" value="240" default="yes"/>
			<dipvalue name="1 Coin/1 Credit 5/6" value="48"/>
			<dipvalue name="1 Coin/1 Credit 4/5" value="32"/>
			<dipvalue name="1 Coin/1 Credit 2/3" value="16"/>
			<dipvalue name="2 Coins/3 Credits" value="96"/>
			<dipvalue name="1 Coin/2 Credits" value="224"/>
			<dipvalue name="1 Coin/3 Credits" value="208"/>
			<dipvalue name="1 Coin/4 Credits" value="192"/>
			<dipvalue name="1 Coin/5 Credits" value="176"/>
			<dipvalue name="1 Coin/6 Credits" value="160"/>
			<dipvalue name="Free Play (if Coin A too) or 1/1" value="0"/>
		</dipswitch>
		<dipswitch name="Cabinet" tag="DSW2" mask="1">
			<diplocation name="SW2" number="1"/>
			<dipvalue name="Upright" value="0" default="yes"/>
			<dipvalue name="Cocktail" value="1"/>
		</dipswitch>
		<dipswitch name="Demo Sounds" tag="DSW2" mask="2">
			<diplocation name="SW2" number="2"/>
			<dipvalue name="Off" value="2"/>
			<dipvalue name="On" value="0" default="yes"/>
		</dipswitch>
		<dipswitch name="Lives" tag="DSW2" mask="12">
			<diplocation name="SW2" number="3"/>
			<diplocation name="SW2" number="4"/>
			<dipvalue name="2" value="8"/>
			<dipvalue name="3" value="12" default="yes"/>
			<dipvalue name="5" value="4"/>
			<dipvalue name="Free Play" value="0"/>
		</dipswitch>
		<dipswitch name="Difficulty" tag="DSW2" mask="48">
			<diplocation name="SW2" number="5"/>
			<diplocation name="SW2" number="6"/>
			<dipvalue name="Easy" value="32"/>
			<dipvalue name="Normal" value="48" default="yes"/>
			<dipvalue name="Hard" value="16"/>
			<dipvalue name="Hardest" value="0"/>
		</dipswitch>
		<dipswitch name="Enemy Bullet Speed" tag="DSW2" mask="64">
			<diplocation name="SW2" number="7"/>
			<dipvalue name="Slow" value="64" default="yes"/>
			<dipvalue name="Fast" value="0"/>
		</dipswitch>
		<dipswitch name="Language" tag="DSW2" mask="128">
			<diplocation name="SW2" number="8"/>
			<dipvalue name="Japanese" value="128" default="yes"/>
			<dipvalue name="English" value="0"/>
		</dipswitch>
		<port tag=":DSW1">
		</port>
		<port tag=":DSW2">
		</port>
		<port tag=":P1">
		</port>
		<port tag=":P2">
		</port>
		<port tag=":SERVICE">
		</port>
		<port tag=":UNUSED">
		</port>
		<driver status="good" emulation="good" savestate="supported"/>
	</machine>
</mame>
