<mame>
	<machine name="wb3" sourcefile="segas16b.cpp">
		<description>Wonder Boy III - Monster Lair (set 6, World, System 16B) (8751 317-0098)</description>
		<year>1988</year>
		<manufacturer>Sega / Westone</manufacturer>
		<rom name="epr-12259.a7" size="131072" crc="54927c7e" sha1="09a4c25b40aba2056c79b5c2e6e8cb7e6c05bc16" region="maincpu" offset="0" flags="1000"/>
		<rom name="epr-12258.a5" size="131072" crc="01f5898c" sha1="2422b4199ce5b63482f7fa1c790c90fc70a2b872" region="maincpu" offset="1" flags="1000"/>
		<rom name="epr-12124.a14" size="65536" crc="dacefb6f" sha1="789a5a99ad9419aee9da5397bcea34452ea8b4b3" region="gfx1" offset="0" flags="0"/>
		<rom name="epr-12125.a15" size="65536" crc="9fc36df7" sha1="b39ccc687489e9781181197505fc78aa5cf7ea55" region="gfx1" offset="10000" flags="0"/>
		<rom name="epr-12126.a16" size="65536" crc="a693fd94" sha1="38e5446f41b6793a8e4134fdd92b02b86e3589f7" region="gfx1" offset="20000" flags="0"/>
		<rom name="epr-12090.b1" size="65536" crc="aeeecfca" sha1="496124b170a725ad863c741d4e021ab947511e4c" region="sprites" offset="1" flags="1000"/>
		<rom name="epr-12094.b5" size="65536" crc="615e4927" sha1="d23f164973afa770714e284a77ddf10f18cc596b" region="sprites" offset="0" flags="1000"/>
		<rom name="epr-12091.b2" size="65536" crc="8409a243" sha1="bcbb9510a6499d8147543d6befa5a49f4ac055d9" region="sprites" offset="40001" flags="1000"/>
		<rom name="epr-12095.b6" size="65536" crc="e774ec2c" sha1="a4aa15ec7be5539a740ad02ff720458018dbc536" region="sprites" offset="40000" flags="1000"/>
		<rom name="epr-12092.b3" size="65536" crc="5c2f0d90" sha1="e0fbc0f841e4607ad232931368b16e81440a75c4" region="sprites" offset="80001" flags="1000"/>
		<rom name="epr-12096.b7" size="65536" crc="0cd59d6e" sha1="caf754a461feffafcfe7bfc6e89da76c4db257c5" region="sprites" offset="80000" flags="1000"/>
		<rom name="epr-12093.b4" size="65536" crc="4891e7bb" sha1="1be04fcabe9bfa8cf746263a5bcca67902a021a0" region="sprites" offset="c0001" flags="1000"/>
		<rom name="epr-12097.b8" size="65536" crc="e645902c" sha1="497cfcf6c25cc2e042e16dbcb1963d2223def15a" region="sprites" offset="c0000" flags="1000"/>
		<rom name="epr-12127.a10" size="32768" crc="0bb901bb" sha1="c81b198df8e3b0ec568032c76addf0d1a1711194" region="soundcpu" offset="0" flags="0"/>
		<rom name="317-0098.c2" size="4096" status="nodump" region="mcu" offset="0" flags="0"/>
		<rom name="315-5298.b9" size="235" crc="39b47212" sha1="432b47aee5ecbf08a8a6dc2f8379c816feb86328" region="plds" offset="0" flags="0"/>
		<device_ref name="m68000"/>
		<device_ref name="z80"/>
		<device_ref name="nvram"/>
		<device_ref name="sega_315_5195"/>
		<device_ref name="gfxdecode"/>
		<device_ref name="palette"/>
		<device_ref name="screen"/>
		<device_ref name="sega_sys16b_sprite"/>
		<device_ref name="segaic16_video"/>
		<device_ref name="speaker"/>
		<device_ref name="ym2151"/>
		<device_ref name="upd7759"/>
		<device_ref name="netlist_sound"/>
		<device_ref name="nl_stream_in"/>
		<device_ref name="nl_stream_in"/>
		<device_ref name="nl_stream_in"/>
		<device_ref name="nl_stream_out"/>
		<device_ref name="i8751"/>
		<chip type="cpu" tag="maincpu" name="Motorola MC68000" clock="10000000"/>
		<chip type="cpu" tag="soundcpu" name="Zilog Z80" clock="5000000"/>
		<chip type="cpu" tag="mcu" name="Intel 8751" clock="8000000"/>
		<chip type="audio" tag="mono" name="Speaker"/>
		<chip type="audio" tag="ym2151" name="YM2151 OPM" clock="4000000"/>
		<chip type="audio" tag="upd" name="NEC uPD7759" clock="640000"/>
		<chip type="audio" tag="netlist" name="Netlist Sound Device"/>
		<display tag="screen" type="raster" rotate="0" width="320" height="224" refresh="60.054389" pixclock="6293700" htotal="400" hbend="0" hbstart="320" vtotal="262" vbend="0" vbstart="224" />
		<sound channels="1"/>
		<input players="2" coins="2" service="yes">
			<control type="joy" player="1" buttons="3" ways="8"/>
			<control type="joy" player="2" buttons="3" ways="8"/>
		</input>
		<dipswitch name="Coin A" tag="DSW1" mask="15">
			<diplocation name="SW1" number="1"/>
			<diplocation name="SW1" number="2"/>
			<diplocation name="SW1" number="3"/>
			<diplocation name="SW1" number="4"/>
			<dipvalue name="4 Coins/1 Credit" value="7"/>
			<dipvalue name="3 Coins/1 Credit" value="8"/>
			<dipvalue name="2 Coins/1 Credit" value="9"/>
			<dipvalue name="2 Coins/1 Credit 5/3 6/4" value="5"/>
			<dipvalue name="2 Coins/1 Credit 4/3" value="4"/>
			<dipvalue name="1 Coin/1 Credit" value="15" default="yes"/>
			<dipvalue name="1 Coin/1 Credit 5/6" value="3"/>
			<dipvalue name="1 Coin/1 Credit 4/5" value="2"/>
			<dipvalue name="1 Coin/1 Credit 2/3" value="1"/>
			<dipvalue name="2 Coins/3 Credits" value="6"/>
			<dipvalue name="1 Coin/2 Credits" value="14"/>
			<dipvalue name="1 Coin/3 Credits" value="13"/>
			<dipvalue name="1 Coin/4 Credits" value="12"/>
			<dipvalue name="1 Coin/5 Credits" value="11"/>
			<dipvalue name="1 Coin/6 Credits" value="10"/>
			<dipvalue name="Free Play (if Coin B too) or 1/1" value="0"/>
		</dipswitch>
		<dipswitch name="Coin B" tag="DSW1" mask="240">
			<diplocation name="SW1" number="5"/>
			<diplocation name="SW1" number="6"/>
			<diplocation name="SW1" number="7"/>
			<diplocation name="SW1" number="8"/>
			<dipvalue name="4 Coins/1 Credit" value="112"/>
			<dipvalue name="3 Coins/1 Credit" value="128"/>
			<dipvalue name="2 Coins/1 Credit" value="144"/>
			<dipvalue name="2 Coins/1 Credit 5/3 6/4" value="80"/>
			<dipvalue name="2 Coins/1 Credit 4/3" value="64"/>
			<dipvalue name="1 Coin/1 Credit" value="240" default="yes"/>
			<dipvalue name="1 Coin/1 Credit 5/6" value="48"/>
			<dipvalue name="1 Coin/1 Credit 4/5" value="32"/>
			<dipvalue name="1 Coin/1 Credit 2/3" value="16"/>
			<dipvalue name="2 Coins/3 Credits" value="96"/>
			<dipvalue name="1 Coin/2 Credits" value="224"/>
			<dipvalue name="1 Coin/3 Credits" value="208"/>
			<dipvalue name="1 Coin/4 Credits" value="192"/>
			<dipvalue name="1 Coin/5 Credits" value="176"/>
			<dipvalue name="1 Coin/6 Credits" value="160"/>
			<dipvalue name="Free Play (if Coin A too) or 1/1" value="0"/>
		</dipswitch>
		<dipswitch name="Unused" tag="DSW2" mask="1">
			<diplocation name="SW2" number="1"/>
			<dipvalue name="Off" value="1" default="yes"/>
			<dipvalue name="On" value="0"/>
		</dipswitch>
		<dipswitch name="Demo Sounds" tag="DSW2" mask="2">
			<diplocation name="SW2" number="2"/>
			<dipvalue name="Off" value="2"/>
			<dipvalue name="On" value="0" default="yes"/>
		</dipswitch>
		<dipswitch name="Lives" tag="DSW2" mask="12">
			<diplocation name="SW2" number="3"/>
			<diplocation name="SW2" number="4"/>
			<dipvalue name="2" value="0"/>
			<dipvalue name="3" value="12" default="yes"/>
			<dipvalue name="4" value="8"/>
			<dipvalue name="5" value="4"/>
		</dipswitch>
		<dipswitch name="Extend" tag="DSW2" mask="16">
			<diplocation name="SW2" number="5"/>
			<dipvalue name="50k/100k/180k/300k" value="16" default="yes"/>
			<dipvalue name="50k/150k/300k" value="0"/>
		</dipswitch>
		<dipswitch name="Difficulty" tag="DSW2" mask="32">
			<diplocation name="SW2" number="6"/>
			<dipvalue name="Normal" value="32" default="yes"/>
			<dipvalue name="Hard" value="0"/>
		</dipswitch>
		<dipswitch name="Test Mode" tag="DSW2" mask="64">
			<diplocation name="SW2" number="7"/>
			<dipvalue name="No" value="64" default="yes"/>
			<dipvalue name="Yes" value="0"/>
		</dipswitch>
		<dipswitch name="Unused" tag="DSW2" mask="128">
			<diplocation name="SW2" number="8"/>
			<dipvalue name="Off" value="128" default="yes"/>
			<dipvalue name="On" value="0"/>
		</dipswitch>
		<port tag=":DSW1">
		</port>
		<port tag=":DSW2">
		</port>
		<port tag=":P1">
		</port>
		<port tag=":P2">
		</port>
		<port tag=":SERVICE">
		</port>
		<port tag=":UNUSED">
		</port>
		<driver status="good" emulation="good" savestate="unsupported"/>
	</machine>
	<machine name="wb31" sourcefile="segas16a.cpp" cloneof="wb3" romof="wb3">
		<description>Wonder Boy III - Monster Lair (set 1, Japan, System 16A) (FD1094 317-0084)</description>
		<year>1988</year>
		<manufacturer>Sega / Westone</manufacturer>
		<rom name="epr-12084.bin" size="65536" crc="b6deb654" sha1="37066cc63902233bb8b56d3171c42bf8a8f82e58" region="maincpu" offset="0" flags="1000"/>
		<rom name="epr-12082.bin" size="65536" crc="38dc5b15" sha1="b25bf60d269a87f9d8dbc1a3787c8ff9a6e7482c" region="maincpu" offset="1" flags="1000"/>
		<rom name="epr-12085.bin" size="65536" crc="0962098b" sha1="150fc439dd5e773bef706f058abdb4d2ec44e355" region="maincpu" offset="20000" flags="1000"/>
		<rom name="epr-12083.bin" size="65536" crc="3d631a8e" sha1="4940ff6cf380fb914876ade39ea37f42b79bf11d" region="maincpu" offset="20001" flags="1000"/>
		<rom name="317-0084.key" size="8192" crc="2c58dafa" sha1="24d06970eda896fdd5e3486132bd19834f7d3659" region="maincpu:key" offset="0" flags="0"/>
		<rom name="epr-12086.bin" size="65536" crc="45b949df" sha1="84390d16da00b775988e5f6c20950cb2304b1a74" region="gfx1" offset="0" flags="0"/>
		<rom name="epr-12087.bin" size="65536" crc="6f0396b7" sha1="0a340f2b58e5ecfe504197a8fd2111181e868a3e" region="gfx1" offset="10000" flags="0"/>
		<rom name="epr-12088.bin" size="65536" crc="ba8c0749" sha1="7d996c7a1ad249c06ef7ec9c87a83710c98005d3" region="gfx1" offset="20000" flags="0"/>
		<rom name="epr-12090.b1" merge="epr-12090.b1" size="65536" crc="aeeecfca" sha1="496124b170a725ad863c741d4e021ab947511e4c" region="sprites" offset="1" flags="1000"/>
		<rom name="epr-12094.b5" merge="epr-12094.b5" size="65536" crc="615e4927" sha1="d23f164973afa770714e284a77ddf10f18cc596b" region="sprites" offset="0" flags="1000"/>
		<rom name="epr-12091.b2" merge="epr-12091.b2" size="65536" crc="8409a243" sha1="bcbb9510a6499d8147543d6befa5a49f4ac055d9" region="sprites" offset="10001" flags="1000"/>
		<rom name="epr-12095.b6" merge="epr-12095.b6" size="65536" crc="e774ec2c" sha1="a4aa15ec7be5539a740ad02ff720458018dbc536" region="sprites" offset="10000" flags="1000"/>
		<rom name="epr-12092.b3" merge="epr-12092.b3" size="65536" crc="5c2f0d90" sha1="e0fbc0f841e4607ad232931368b16e81440a75c4" region="sprites" offset="20001" flags="1000"/>
		<rom name="epr-12096.b7" merge="epr-12096.b7" size="65536" crc="0cd59d6e" sha1="caf754a461feffafcfe7bfc6e89da76c4db257c5" region="sprites" offset="20000" flags="1000"/>
		<rom name="epr-12093.b4" merge="epr-12093.b4" size="65536" crc="4891e7bb" sha1="1be04fcabe9bfa8cf746263a5bcca67902a021a0" region="sprites" offset="30001" flags="1000"/>
		<rom name="epr-12097.b8" merge="epr-12097.b8" size="65536" crc="e645902c" sha1="497cfcf6c25cc2e042e16dbcb1963d2223def15a" region="sprites" offset="30000" flags="1000"/>
		<rom name="epr-12089.bin" size="32768" crc="8321eb0b" sha1="61cf95833c0aa38e35fc18db39d4ec74e4aaf01e" region="soundcpu" offset="0" flags="0"/>
		<device_ref name="fd1094"/>
		<device_ref name="z80"/>
		<device_ref name="i8243"/>
		<device_ref name="nvram"/>
		<device_ref name="watchdog"/>
		<device_ref name="i8255"/>
		<device_ref name="screen"/>
		<device_ref name="sega_sys16a_sprite"/>
		<device_ref name="segaic16_video"/>
		<device_ref name="gfxdecode"/>
		<device_ref name="palette"/>
		<device_ref name="speaker"/>
		<device_ref name="generic_latch_8"/>
		<device_ref name="ym2151"/>
		<chip type="cpu" tag="maincpu" name="Hitachi FD1094 Encrypted CPU" clock="10000000"/>
		<chip type="cpu" tag="soundcpu" name="Zilog Z80" clock="4000000"/>
		<chip type="audio" tag="speaker" name="Speaker"/>
		<chip type="audio" tag="ymsnd" name="YM2151 OPM" clock="4000000"/>
		<display tag="screen" type="raster" rotate="0" width="320" height="224" refresh="60.000000" pixclock="5376240" htotal="342" hbend="0" hbstart="320" vtotal="262" vbend="0" vbstart="224" />
		<sound channels="1"/>
		<input players="2" coins="2" service="yes">
			<control type="joy" player="1" buttons="3" ways="8"/>
			<control type="joy" player="2" buttons="3" ways="8"/>
		</input>
		<dipswitch name="Coin A" tag="DSW1" mask="15">
			<diplocation name="SW1" number="1"/>
			<diplocation name="SW1" number="2"/>
			<diplocation name="SW1" number="3"/>
			<diplocation name="SW1" number="4"/>
			<dipvalue name="4 Coins/1 Credit" value="7"/>
			<dipvalue name="3 Coins/1 Credit" value="8"/>
			<dipvalue name="2 Coins/1 Credit" value="9"/>
			<dipvalue name="2 Coins/1 Credit 5/3 6/4" value="5"/>
			<dipvalue name="2 Coins/1 Credit 4/3" value="4"/>
			<dipvalue name="1 Coin/1 Credit" value="15" default="yes"/>
			<dipvalue name="1 Coin/1 Credit 5/6" value="3"/>
			<dipvalue name="1 Coin/1 Credit 4/5" value="2"/>
			<dipvalue name="1 Coin/1 Credit 2/3" value="1"/>
			<dipvalue name="2 Coins/3 Credits" value="6"/>
			<dipvalue name="1 Coin/2 Credits" value="14"/>
			<dipvalue name="1 Coin/3 Credits" value="13"/>
			<dipvalue name="1 Coin/4 Credits" value="12"/>
			<dipvalue name="1 Coin/5 Credits" value="11"/>
			<dipvalue name="1 Coin/6 Credits" value="10"/>
			<dipvalue name="Free Play (if Coin B too) or 1/1" value="0"/>
		</dipswitch>
		<dipswitch name="Coin B" tag="DSW1" mask="240">
			<diplocation name="SW1" number="5"/>
			<diplocation name="SW1" number="6"/>
			<diplocation name="SW1" number="7"/>
			<diplocation name="SW1" number="8"/>
			<dipvalue name="4 Coins/1 Credit" value="112"/>
			<dipvalue name="3 Coins/1 Credit" value="128"/>
			<dipvalue name="2 Coins/1 Credit" value="144"/>
			<dipvalue name="2 Coins/1 Credit 5/3 6/4" value="80"/>
			<dipvalue name="2 Coins/1 Credit 4/3" value="64"/>
			<dipvalue name="1 Coin/1 Credit" value="240" default="yes"/>
			<dipvalue name="1 Coin/1 Credit 5/6" value="48"/>
			<dipvalue name="1 Coin/1 Credit 4/5" value="32"/>
			<dipvalue name="1 Coin/1 Credit 2/3" value="16"/>
			<dipvalue name="2 Coins/3 Credits" value="96"/>
			<dipvalue name="1 Coin/2 Credits" value="224"/>
			<dipvalue name="1 Coin/3 Credits" value="208"/>
			<dipvalue name="1 Coin/4 Credits" value="192"/>
			<dipvalue name="1 Coin/5 Credits" value="176"/>
			<dipvalue name="1 Coin/6 Credits" value="160"/>
			<dipvalue name="Free Play (if Coin A too) or 1/1" value="0"/>
		</dipswitch>
		<dipswitch name="Unused" tag="DSW2" mask="1">
			<diplocation name="SW2" number="1"/>
			<dipvalue name="Off" value="1" default="yes"/>
			<dipvalue name="On" value="0"/>
		</dipswitch>
		<dipswitch name="Demo Sounds" tag="DSW2" mask="2">
			<diplocation name="SW2" number="2"/>
			<dipvalue name="Off" value="2"/>
			<dipvalue name="On" value="0" default="yes"/>
		</dipswitch>
		<dipswitch name="Lives" tag="DSW2" mask="12">
			<diplocation name="SW2" number="3"/>
			<diplocation name="SW2" number="4"/>
			<dipvalue name="2" value="0"/>
			<dipvalue name="3" value="12" default="yes"/>
			<dipvalue name="4" value="8"/>
			<dipvalue name="5" value="4"/>
		</dipswitch>
		<dipswitch name="Extend" tag="DSW2" mask="16">
			<diplocation name="SW2" number="5"/>
			<dipvalue name="50k/100k/180k/300k" value="16" default="yes"/>
			<dipvalue name="50k/150k/300k" value="0"/>
		</dipswitch>
		<dipswitch name="Difficulty" tag="DSW2" mask="32">
			<diplocation name="SW2" number="6"/>
			<dipvalue name="Normal" value="32" default="yes"/>
			<dipvalue name="Hard" value="0"/>
		</dipswitch>
		<dipswitch name="Test Mode" tag="DSW2" mask="64">
			<diplocation name="SW2" number="7"/>
			<dipvalue name="No" value="64" default="yes"/>
			<dipvalue name="Yes" value="0"/>
		</dipswitch>
		<dipswitch name="Unused" tag="DSW2" mask="128">
			<diplocation name="SW2" number="8"/>
			<dipvalue name="Off" value="128" default="yes"/>
			<dipvalue name="On" value="0"/>
		</dipswitch>
		<port tag=":DSW1">
		</port>
		<port tag=":DSW2">
		</port>
		<port tag=":P1">
		</port>
		<port tag=":P2">
		</port>
		<port tag=":SERVICE">
		</port>
		<port tag=":UNUSED">
		</port>
		<driver status="good" emulation="good" savestate="supported"/>
	</machine>
	<machine name="wb31d" sourcefile="segas16a.cpp" cloneof="wb3" romof="wb3">
		<description>Wonder Boy III - Monster Lair (set 1, Japan, System 16A) (bootleg of FD1094 317-0084 set)</description>
		<year>1988</year>
		<manufacturer>bootleg</manufacturer>
		<rom name="bootleg_epr12084.bin" size="65536" crc="0cfe1b00" sha1="b4e50bb0d677647a71c1d3adac9f955774e3fa0e" region="maincpu" offset="0" flags="1000"/>
		<rom name="bootleg_epr12082.bin" size="65536" crc="9e324162" sha1="49cbec212bec832722b4816e2186e6cb1c204b0e" region="maincpu" offset="1" flags="1000"/>
		<rom name="epr-12085.bin" size="65536" crc="0962098b" sha1="150fc439dd5e773bef706f058abdb4d2ec44e355" region="maincpu" offset="20000" flags="1000"/>
		<rom name="epr-12083.bin" size="65536" crc="3d631a8e" sha1="4940ff6cf380fb914876ade39ea37f42b79bf11d" region="maincpu" offset="20001" flags="1000"/>
		<rom name="epr-12086.bin" size="65536" crc="45b949df" sha1="84390d16da00b775988e5f6c20950cb2304b1a74" region="gfx1" offset="0" flags="0"/>
		<rom name="epr-12087.bin" size="65536" crc="6f0396b7" sha1="0a340f2b58e5ecfe504197a8fd2111181e868a3e" region="gfx1" offset="10000" flags="0"/>
		<rom name="epr-12088.bin" size="65536" crc="ba8c0749" sha1="7d996c7a1ad249c06ef7ec9c87a83710c98005d3" region="gfx1" offset="20000" flags="0"/>
		<rom name="epr-12090.b1" merge="epr-12090.b1" size="65536" crc="aeeecfca" sha1="496124b170a725ad863c741d4e021ab947511e4c" region="sprites" offset="1" flags="1000"/>
		<rom name="epr-12094.b5" merge="epr-12094.b5" size="65536" crc="615e4927" sha1="d23f164973afa770714e284a77ddf10f18cc596b" region="sprites" offset="0" flags="1000"/>
		<rom name="epr-12091.b2" merge="epr-12091.b2" size="65536" crc="8409a243" sha1="bcbb9510a6499d8147543d6befa5a49f4ac055d9" region="sprites" offset="10001" flags="1000"/>
		<rom name="epr-12095.b6" merge="epr-12095.b6" size="65536" crc="e774ec2c" sha1="a4aa15ec7be5539a740ad02ff720458018dbc536" region="sprites" offset="10000" flags="1000"/>
		<rom name="epr-12092.b3" merge="epr-12092.b3" size="65536" crc="5c2f0d90" sha1="e0fbc0f841e4607ad232931368b16e81440a75c4" region="sprites" offset="20001" flags="1000"/>
		<rom name="epr-12096.b7" merge="epr-12096.b7" size="65536" crc="0cd59d6e" sha1="caf754a461feffafcfe7bfc6e89da76c4db257c5" region="sprites" offset="20000" flags="1000"/>
		<rom name="epr-12093.b4" merge="epr-12093.b4" size="65536" crc="4891e7bb" sha1="1be04fcabe9bfa8cf746263a5bcca67902a021a0" region="sprites" offset="30001" flags="1000"/>
		<rom name="epr-12097.b8" merge="epr-12097.b8" size="65536" crc="e645902c" sha1="497cfcf6c25cc2e042e16dbcb1963d2223def15a" region="sprites" offset="30000" flags="1000"/>
		<rom name="epr-12089.bin" size="32768" crc="8321eb0b" sha1="61cf95833c0aa38e35fc18db39d4ec74e4aaf01e" region="soundcpu" offset="0" flags="0"/>
		<device_ref name="m68000"/>
		<device_ref name="z80"/>
		<device_ref name="nvram"/>
		<device_ref name="watchdog"/>
		<device_ref name="i8255"/>
		<device_ref name="screen"/>
		<device_ref name="sega_sys16a_sprite"/>
		<device_ref name="segaic16_video"/>
		<device_ref name="gfxdecode"/>
		<device_ref name="palette"/>
		<device_ref name="speaker"/>
		<device_ref name="generic_latch_8"/>
		<device_ref name="ym2151"/>
		<chip type="cpu" tag="maincpu" name="Motorola MC68000" clock="10000000"/>
		<chip type="cpu" tag="soundcpu" name="Zilog Z80" clock="4000000"/>
		<chip type="audio" tag="speaker" name="Speaker"/>
		<chip type="audio" tag="ymsnd" name="YM2151 OPM" clock="4000000"/>
		<display tag="screen" type="raster" rotate="0" width="320" height="224" refresh="60.000000" pixclock="5376240" htotal="342" hbend="0" hbstart="320" vtotal="262" vbend="0" vbstart="224" />
		<sound channels="1"/>
		<input players="2" coins="2" service="yes">
			<control type="joy" player="1" buttons="3" ways="8"/>
			<control type="joy" player="2" buttons="3" ways="8"/>
		</input>
		<dipswitch name="Coin A" tag="DSW1" mask="15">
			<diplocation name="SW1" number="1"/>
			<diplocation name="SW1" number="2"/>
			<diplocation name="SW1" number="3"/>
			<diplocation name="SW1" number="4"/>
			<dipvalue name="4 Coins/1 Credit" value="7"/>
			<dipvalue name="3 Coins/1 Credit" value="8"/>
			<dipvalue name="2 Coins/1 Credit" value="9"/>
			<dipvalue name="2 Coins/1 Credit 5/3 6/4" value="5"/>
			<dipvalue name="2 Coins/1 Credit 4/3" value="4"/>
			<dipvalue name="1 Coin/1 Credit" value="15" default="yes"/>
			<dipvalue name="1 Coin/1 Credit 5/6" value="3"/>
			<dipvalue name="1 Coin/1 Credit 4/5" value="2"/>
			<dipvalue name="1 Coin/1 Credit 2/3" value="1"/>
			<dipvalue name="2 Coins/3 Credits" value="6"/>
			<dipvalue name="1 Coin/2 Credits" value="14"/>
			<dipvalue name="1 Coin/3 Credits" value="13"/>
			<dipvalue name="1 Coin/4 Credits" value="12"/>
			<dipvalue name="1 Coin/5 Credits" value="11"/>
			<dipvalue name="1 Coin/6 Credits" value="10"/>
			<dipvalue name="Free Play (if Coin B too) or 1/1" value="0"/>
		</dipswitch>
		<dipswitch name="Coin B" tag="DSW1" mask="240">
			<diplocation name="SW1" number="5"/>
			<diplocation name="SW1" number="6"/>
			<diplocation name="SW1" number="7"/>
			<diplocation name="SW1" number="8"/>
			<dipvalue name="4 Coins/1 Credit" value="112"/>
			<dipvalue name="3 Coins/1 Credit" value="128"/>
			<dipvalue name="2 Coins/1 Credit" value="144"/>
			<dipvalue name="2 Coins/1 Credit 5/3 6/4" value="80"/>
			<dipvalue name="2 Coins/1 Credit 4/3" value="64"/>
			<dipvalue name="1 Coin/1 Credit" value="240" default="yes"/>
			<dipvalue name="1 Coin/1 Credit 5/6" value="48"/>
			<dipvalue name="1 Coin/1 Credit 4/5" value="32"/>
			<dipvalue name="1 Coin/1 Credit 2/3" value="16"/>
			<dipvalue name="2 Coins/3 Credits" value="96"/>
			<dipvalue name="1 Coin/2 Credits" value="224"/>
			<dipvalue name="1 Coin/3 Credits" value="208"/>
			<dipvalue name="1 Coin/4 Credits" value="192"/>
			<dipvalue name="1 Coin/5 Credits" value="176"/>
			<dipvalue name="1 Coin/6 Credits" value="160"/>
			<dipvalue name="Free Play (if Coin A too) or 1/1" value="0"/>
		</dipswitch>
		<dipswitch name="Unused" tag="DSW2" mask="1">
			<diplocation name="SW2" number="1"/>
			<dipvalue name="Off" value="1" default="yes"/>
			<dipvalue name="On" value="0"/>
		</dipswitch>
		<dipswitch name="Demo Sounds" tag="DSW2" mask="2">
			<diplocation name="SW2" number="2"/>
			<dipvalue name="Off" value="2"/>
			<dipvalue name="On" value="0" default="yes"/>
		</dipswitch>
		<dipswitch name="Lives" tag="DSW2" mask="12">
			<diplocation name="SW2" number="3"/>
			<diplocation name="SW2" number="4"/>
			<dipvalue name="2" value="0"/>
			<dipvalue name="3" value="12" default="yes"/>
			<dipvalue name="4" value="8"/>
			<dipvalue name="5" value="4"/>
		</dipswitch>
		<dipswitch name="Extend" tag="DSW2" mask="16">
			<diplocation name="SW2" number="5"/>
			<dipvalue name="50k/100k/180k/300k" value="16" default="yes"/>
			<dipvalue name="50k/150k/300k" value="0"/>
		</dipswitch>
		<dipswitch name="Difficulty" tag="DSW2" mask="32">
			<diplocation name="SW2" number="6"/>
			<dipvalue name="Normal" value="32" default="yes"/>
			<dipvalue name="Hard" value="0"/>
		</dipswitch>
		<dipswitch name="Test Mode" tag="DSW2" mask="64">
			<diplocation name="SW2" number="7"/>
			<dipvalue name="No" value="64" default="yes"/>
			<dipvalue name="Yes" value="0"/>
		</dipswitch>
		<dipswitch name="Unused" tag="DSW2" mask="128">
			<diplocation name="SW2" number="8"/>
			<dipvalue name="Off" value="128" default="yes"/>
			<dipvalue name="On" value="0"/>
		</dipswitch>
		<port tag=":DSW1">
		</port>
		<port tag=":DSW2">
		</port>
		<port tag=":P1">
		</port>
		<port tag=":P2">
		</port>
		<port tag=":SERVICE">
		</port>
		<port tag=":UNUSED">
		</port>
		<driver status="good" emulation="good" savestate="supported"/>
	</machine>
	<machine name="wb32" sourcefile="segas16b.cpp" cloneof="wb3" romof="wb3">
		<description>Wonder Boy III - Monster Lair (set 2, Japan, System 16B) (FD1094 317-0085)</description>
		<year>1988</year>
		<manufacturer>Sega / Westone</manufacturer>
		<rom name="epr-12098.a1" size="65536" crc="d998e5e5" sha1="a7398b7338a33451a650c2f1d382dad2e5130528" region="maincpu" offset="1" flags="1000"/>
		<rom name="epr-12100.a4" size="65536" crc="f5ca4abc" sha1="1331db10cf99905fb13c1606a3f4d8bbf3d681b6" region="maincpu" offset="0" flags="1000"/>
		<rom name="epr-12099.a2" size="65536" crc="3e243b45" sha1="2a079553d1b61aaf18025847570003b79c8d6edf" region="maincpu" offset="20001" flags="1000"/>
		<rom name="epr-12101.a5" size="65536" crc="6146492b" sha1="93515578a6ccf770944fea86d2f3200fa08f5075" region="maincpu" offset="20000" flags="1000"/>
		<rom name="317-0085.key" size="8192" crc="8150f38d" sha1="27baf09294422ff77781449b013f7d0dd0dded9c" region="maincpu:key" offset="0" flags="0"/>
		<rom name="epr-12124.b9" merge="epr-12124.a14" size="65536" crc="dacefb6f" sha1="789a5a99ad9419aee9da5397bcea34452ea8b4b3" region="gfx1" offset="0" flags="0"/>
		<rom name="epr-12125.b10" merge="epr-12125.a15" size="65536" crc="9fc36df7" sha1="b39ccc687489e9781181197505fc78aa5cf7ea55" region="gfx1" offset="10000" flags="0"/>
		<rom name="epr-12126.b11" merge="epr-12126.a16" size="65536" crc="a693fd94" sha1="38e5446f41b6793a8e4134fdd92b02b86e3589f7" region="gfx1" offset="20000" flags="0"/>
		<rom name="epr-12090.b1" merge="epr-12090.b1" size="65536" crc="aeeecfca" sha1="496124b170a725ad863c741d4e021ab947511e4c" region="sprites" offset="1" flags="1000"/>
		<rom name="epr-12094.b5" merge="epr-12094.b5" size="65536" crc="615e4927" sha1="d23f164973afa770714e284a77ddf10f18cc596b" region="sprites" offset="0" flags="1000"/>
		<rom name="epr-12091.b2" merge="epr-12091.b2" size="65536" crc="8409a243" sha1="bcbb9510a6499d8147543d6befa5a49f4ac055d9" region="sprites" offset="20001" flags="1000"/>
		<rom name="epr-12095.b6" merge="epr-12095.b6" size="65536" crc="e774ec2c" sha1="a4aa15ec7be5539a740ad02ff720458018dbc536" region="sprites" offset="20000" flags="1000"/>
		<rom name="epr-12092.b3" merge="epr-12092.b3" size="65536" crc="5c2f0d90" sha1="e0fbc0f841e4607ad232931368b16e81440a75c4" region="sprites" offset="40001" flags="1000"/>
		<rom name="epr-12096.b7" merge="epr-12096.b7" size="65536" crc="0cd59d6e" sha1="caf754a461feffafcfe7bfc6e89da76c4db257c5" region="sprites" offset="40000" flags="1000"/>
		<rom name="epr-12093.b4" merge="epr-12093.b4" size="65536" crc="4891e7bb" sha1="1be04fcabe9bfa8cf746263a5bcca67902a021a0" region="sprites" offset="60001" flags="1000"/>
		<rom name="epr-12097.b8" merge="epr-12097.b8" size="65536" crc="e645902c" sha1="497cfcf6c25cc2e042e16dbcb1963d2223def15a" region="sprites" offset="60000" flags="1000"/>
		<rom name="epr-12127.a7" merge="epr-12127.a10" size="32768" crc="0bb901bb" sha1="c81b198df8e3b0ec568032c76addf0d1a1711194" region="soundcpu" offset="0" flags="0"/>
		<device_ref name="fd1094"/>
		<device_ref name="z80"/>
		<device_ref name="nvram"/>
		<device_ref name="sega_315_5195"/>
		<device_ref name="gfxdecode"/>
		<device_ref name="palette"/>
		<device_ref name="screen"/>
		<device_ref name="sega_sys16b_sprite"/>
		<device_ref name="segaic16_video"/>
		<device_ref name="speaker"/>
		<device_ref name="ym2151"/>
		<device_ref name="upd7759"/>
		<device_ref name="netlist_sound"/>
		<device_ref name="nl_stream_in"/>
		<device_ref name="nl_stream_in"/>
		<device_ref name="nl_stream_in"/>
		<device_ref name="nl_stream_out"/>
		<chip type="cpu" tag="maincpu" name="Hitachi FD1094 Encrypted CPU" clock="10000000"/>
		<chip type="cpu" tag="soundcpu" name="Zilog Z80" clock="5000000"/>
		<chip type="audio" tag="mono" name="Speaker"/>
		<chip type="audio" tag="ym2151" name="YM2151 OPM" clock="4000000"/>
		<chip type="audio" tag="upd" name="NEC uPD7759" clock="640000"/>
		<chip type="audio" tag="netlist" name="Netlist Sound Device"/>
		<display tag="screen" type="raster" rotate="0" width="320" height="224" refresh="60.054389" pixclock="6293700" htotal="400" hbend="0" hbstart="320" vtotal="262" vbend="0" vbstart="224" />
		<sound channels="1"/>
		<input players="2" coins="2" service="yes">
			<control type="joy" player="1" buttons="3" ways="8"/>
			<control type="joy" player="2" buttons="3" ways="8"/>
		</input>
		<dipswitch name="Coin A" tag="DSW1" mask="15">
			<diplocation name="SW1" number="1"/>
			<diplocation name="SW1" number="2"/>
			<diplocation name="SW1" number="3"/>
			<diplocation name="SW1" number="4"/>
			<dipvalue name="4 Coins/1 Credit" value="7"/>
			<dipvalue name="3 Coins/1 Credit" value="8"/>
			<dipvalue name="2 Coins/1 Credit" value="9"/>
			<dipvalue name="2 Coins/1 Credit 5/3 6/4" value="5"/>
			<dipvalue name="2 Coins/1 Credit 4/3" value="4"/>
			<dipvalue name="1 Coin/1 Credit" value="15" default="yes"/>
			<dipvalue name="1 Coin/1 Credit 5/6" value="3"/>
			<dipvalue name="1 Coin/1 Credit 4/5" value="2"/>
			<dipvalue name="1 Coin/1 Credit 2/3" value="1"/>
			<dipvalue name="2 Coins/3 Credits" value="6"/>
			<dipvalue name="1 Coin/2 Credits" value="14"/>
			<dipvalue name="1 Coin/3 Credits" value="13"/>
			<dipvalue name="1 Coin/4 Credits" value="12"/>
			<dipvalue name="1 Coin/5 Credits" value="11"/>
			<dipvalue name="1 Coin/6 Credits" value="10"/>
			<dipvalue name="Free Play (if Coin B too) or 1/1" value="0"/>
		</dipswitch>
		<dipswitch name="Coin B" tag="DSW1" mask="240">
			<diplocation name="SW1" number="5"/>
			<diplocation name="SW1" number="6"/>
			<diplocation name="SW1" number="7"/>
			<diplocation name="SW1" number="8"/>
			<dipvalue name="4 Coins/1 Credit" value="112"/>
			<dipvalue name="3 Coins/1 Credit" value="128"/>
			<dipvalue name="2 Coins/1 Credit" value="144"/>
			<dipvalue name="2 Coins/1 Credit 5/3 6/4" value="80"/>
			<dipvalue name="2 Coins/1 Credit 4/3" value="64"/>
			<dipvalue name="1 Coin/1 Credit" value="240" default="yes"/>
			<dipvalue name="1 Coin/1 Credit 5/6" value="48"/>
			<dipvalue name="1 Coin/1 Credit 4/5" value="32"/>
			<dipvalue name="1 Coin/1 Credit 2/3" value="16"/>
			<dipvalue name="2 Coins/3 Credits" value="96"/>
			<dipvalue name="1 Coin/2 Credits" value="224"/>
			<dipvalue name="1 Coin/3 Credits" value="208"/>
			<dipvalue name="1 Coin/4 Credits" value="192"/>
			<dipvalue name="1 Coin/5 Credits" value="176"/>
			<dipvalue name="1 Coin/6 Credits" value="160"/>
			<dipvalue name="Free Play (if Coin A too) or 1/1" value="0"/>
		</dipswitch>
		<dipswitch name="Unused" tag="DSW2" mask="1">
			<diplocation name="SW2" number="1"/>
			<dipvalue name="Off" value="1" default="yes"/>
			<dipvalue name="On" value="0"/>
		</dipswitch>
		<dipswitch name="Demo Sounds" tag="DSW2" mask="2">
			<diplocation name="SW2" number="2"/>
			<dipvalue name="Off" value="2"/>
			<dipvalue name="On" value="0" default="yes"/>
		</dipswitch>
		<dipswitch name="Lives" tag="DSW2" mask="12">
			<diplocation name="SW2" number="3"/>
			<diplocation name="SW2" number="4"/>
			<dipvalue name="2" value="0"/>
			<dipvalue name="3" value="12" default="yes"/>
			<dipvalue name="4" value="8"/>
			<dipvalue name="5" value="4"/>
		</dipswitch>
		<dipswitch name="Extend" tag="DSW2" mask="16">
			<diplocation name="SW2" number="5"/>
			<dipvalue name="50k/100k/180k/300k" value="16" default="yes"/>
			<dipvalue name="50k/150k/300k" value="0"/>
		</dipswitch>
		<dipswitch name="Difficulty" tag="DSW2" mask="32">
			<diplocation name="SW2" number="6"/>
			<dipvalue name="Normal" value="32" default="yes"/>
			<dipvalue name="Hard" value="0"/>
		</dipswitch>
		<dipswitch name="Test Mode" tag="DSW2" mask="64">
			<diplocation name="SW2" number="7"/>
			<dipvalue name="No" value="64" default="yes"/>
			<dipvalue name="Yes" value="0"/>
		</dipswitch>
		<dipswitch name="Unused" tag="DSW2" mask="128">
			<diplocation name="SW2" number="8"/>
			<dipvalue name="Off" value="128" default="yes"/>
			<dipvalue name="On" value="0"/>
		</dipswitch>
		<port tag=":DSW1">
		</port>
		<port tag=":DSW2">
		</port>
		<port tag=":P1">
		</port>
		<port tag=":P2">
		</port>
		<port tag=":SERVICE">
		</port>
		<port tag=":UNUSED">
		</port>
		<driver status="good" emulation="good" savestate="unsupported"/>
	</machine>
	<machine name="wb32d" sourcefile="segas16b.cpp" cloneof="wb3" romof="wb3">
		<description>Wonder Boy III - Monster Lair (set 2, Japan, System 16B) (bootleg of FD1094 317-0085 set)</description>
		<year>1988</year>
		<manufacturer>bootleg</manufacturer>
		<rom name="bootleg_epr-12098.a1" size="65536" crc="41a46e75" sha1="6053aada74be9bf26893f73384a2a52f2bf5561e" region="maincpu" offset="1" flags="1000"/>
		<rom name="bootleg_epr-12100.a4" size="65536" crc="15e3117e" sha1="ec03366ab36371e568ece13fa4ef3fd4dbf121a3" region="maincpu" offset="0" flags="1000"/>
		<rom name="epr-12099.a2" size="65536" crc="3e243b45" sha1="2a079553d1b61aaf18025847570003b79c8d6edf" region="maincpu" offset="20001" flags="1000"/>
		<rom name="epr-12101.a5" size="65536" crc="6146492b" sha1="93515578a6ccf770944fea86d2f3200fa08f5075" region="maincpu" offset="20000" flags="1000"/>
		<rom name="epr-12124.b9" merge="epr-12124.a14" size="65536" crc="dacefb6f" sha1="789a5a99ad9419aee9da5397bcea34452ea8b4b3" region="gfx1" offset="0" flags="0"/>
		<rom name="epr-12125.b10" merge="epr-12125.a15" size="65536" crc="9fc36df7" sha1="b39ccc687489e9781181197505fc78aa5cf7ea55" region="gfx1" offset="10000" flags="0"/>
		<rom name="epr-12126.b11" merge="epr-12126.a16" size="65536" crc="a693fd94" sha1="38e5446f41b6793a8e4134fdd92b02b86e3589f7" region="gfx1" offset="20000" flags="0"/>
		<rom name="epr-12090.b1" merge="epr-12090.b1" size="65536" crc="aeeecfca" sha1="496124b170a725ad863c741d4e021ab947511e4c" region="sprites" offset="1" flags="1000"/>
		<rom name="epr-12094.b5" merge="epr-12094.b5" size="65536" crc="615e4927" sha1="d23f164973afa770714e284a77ddf10f18cc596b" region="sprites" offset="0" flags="1000"/>
		<rom name="epr-12091.b2" merge="epr-12091.b2" size="65536" crc="8409a243" sha1="bcbb9510a6499d8147543d6befa5a49f4ac055d9" region="sprites" offset="20001" flags="1000"/>
		<rom name="epr-12095.b6" merge="epr-12095.b6" size="65536" crc="e774ec2c" sha1="a4aa15ec7be5539a740ad02ff720458018dbc536" region="sprites" offset="20000" flags="1000"/>
		<rom name="epr-12092.b3" merge="epr-12092.b3" size="65536" crc="5c2f0d90" sha1="e0fbc0f841e4607ad232931368b16e81440a75c4" region="sprites" offset="40001" flags="1000"/>
		<rom name="epr-12096.b7" merge="epr-12096.b7" size="65536" crc="0cd59d6e" sha1="caf754a461feffafcfe7bfc6e89da76c4db257c5" region="sprites" offset="40000" flags="1000"/>
		<rom name="epr-12093.b4" merge="epr-12093.b4" size="65536" crc="4891e7bb" sha1="1be04fcabe9bfa8cf746263a5bcca67902a021a0" region="sprites" offset="60001" flags="1000"/>
		<rom name="epr-12097.b8" merge="epr-12097.b8" size="65536" crc="e645902c" sha1="497cfcf6c25cc2e042e16dbcb1963d2223def15a" region="sprites" offset="60000" flags="1000"/>
		<rom name="epr-12127.a7" merge="epr-12127.a10" size="32768" crc="0bb901bb" sha1="c81b198df8e3b0ec568032c76addf0d1a1711194" region="soundcpu" offset="0" flags="0"/>
		<device_ref name="m68000"/>
		<device_ref name="z80"/>
		<device_ref name="nvram"/>
		<device_ref name="sega_315_5195"/>
		<device_ref name="gfxdecode"/>
		<device_ref name="palette"/>
		<device_ref name="screen"/>
		<device_ref name="sega_sys16b_sprite"/>
		<device_ref name="segaic16_video"/>
		<device_ref name="speaker"/>
		<device_ref name="ym2151"/>
		<device_ref name="upd7759"/>
		<device_ref name="netlist_sound"/>
		<device_ref name="nl_stream_in"/>
		<device_ref name="nl_stream_in"/>
		<device_ref name="nl_stream_in"/>
		<device_ref name="nl_stream_out"/>
		<chip type="cpu" tag="maincpu" name="Motorola MC68000" clock="10000000"/>
		<chip type="cpu" tag="soundcpu" name="Zilog Z80" clock="5000000"/>
		<chip type="audio" tag="mono" name="Speaker"/>
		<chip type="audio" tag="ym2151" name="YM2151 OPM" clock="4000000"/>
		<chip type="audio" tag="upd" name="NEC uPD7759" clock="640000"/>
		<chip type="audio" tag="netlist" name="Netlist Sound Device"/>
		<display tag="screen" type="raster" rotate="0" width="320" height="224" refresh="60.054389" pixclock="6293700" htotal="400" hbend="0" hbstart="320" vtotal="262" vbend="0" vbstart="224" />
		<sound channels="1"/>
		<input players="2" coins="2" service="yes">
			<control type="joy" player="1" buttons="3" ways="8"/>
			<control type="joy" player="2" buttons="3" ways="8"/>
		</input>
		<dipswitch name="Coin A" tag="DSW1" mask="15">
			<diplocation name="SW1" number="1"/>
			<diplocation name="SW1" number="2"/>
			<diplocation name="SW1" number="3"/>
			<diplocation name="SW1" number="4"/>
			<dipvalue name="4 Coins/1 Credit" value="7"/>
			<dipvalue name="3 Coins/1 Credit" value="8"/>
			<dipvalue name="2 Coins/1 Credit" value="9"/>
			<dipvalue name="2 Coins/1 Credit 5/3 6/4" value="5"/>
			<dipvalue name="2 Coins/1 Credit 4/3" value="4"/>
			<dipvalue name="1 Coin/1 Credit" value="15" default="yes"/>
			<dipvalue name="1 Coin/1 Credit 5/6" value="3"/>
			<dipvalue name="1 Coin/1 Credit 4/5" value="2"/>
			<dipvalue name="1 Coin/1 Credit 2/3" value="1"/>
			<dipvalue name="2 Coins/3 Credits" value="6"/>
			<dipvalue name="1 Coin/2 Credits" value="14"/>
			<dipvalue name="1 Coin/3 Credits" value="13"/>
			<dipvalue name="1 Coin/4 Credits" value="12"/>
			<dipvalue name="1 Coin/5 Credits" value="11"/>
			<dipvalue name="1 Coin/6 Credits" value="10"/>
			<dipvalue name="Free Play (if Coin B too) or 1/1" value="0"/>
		</dipswitch>
		<dipswitch name="Coin B" tag="DSW1" mask="240">
			<diplocation name="SW1" number="5"/>
			<diplocation name="SW1" number="6"/>
			<diplocation name="SW1" number="7"/>
			<diplocation name="SW1" number="8"/>
			<dipvalue name="4 Coins/1 Credit" value="112"/>
			<dipvalue name="3 Coins/1 Credit" value="128"/>
			<dipvalue name="2 Coins/1 Credit" value="144"/>
			<dipvalue name="2 Coins/1 Credit 5/3 6/4" value="80"/>
			<dipvalue name="2 Coins/1 Credit 4/3" value="64"/>
			<dipvalue name="1 Coin/1 Credit" value="240" default="yes"/>
			<dipvalue name="1 Coin/1 Credit 5/6" value="48"/>
			<dipvalue name="1 Coin/1 Credit 4/5" value="32"/>
			<dipvalue name="1 Coin/1 Credit 2/3" value="16"/>
			<dipvalue name="2 Coins/3 Credits" value="96"/>
			<dipvalue name="1 Coin/2 Credits" value="224"/>
			<dipvalue name="1 Coin/3 Credits" value="208"/>
			<dipvalue name="1 Coin/4 Credits" value="192"/>
			<dipvalue name="1 Coin/5 Credits" value="176"/>
			<dipvalue name="1 Coin/6 Credits" value="160"/>
			<dipvalue name="Free Play (if Coin A too) or 1/1" value="0"/>
		</dipswitch>
		<dipswitch name="Unused" tag="DSW2" mask="1">
			<diplocation name="SW2" number="1"/>
			<dipvalue name="Off" value="1" default="yes"/>
			<dipvalue name="On" value="0"/>
		</dipswitch>
		<dipswitch name="Demo Sounds" tag="DSW2" mask="2">
			<diplocation name="SW2" number="2"/>
			<dipvalue name="Off" value="2"/>
			<dipvalue name="On" value="0" default="yes"/>
		</dipswitch>
		<dipswitch name="Lives" tag="DSW2" mask="12">
			<diplocation name="SW2" number="3"/>
			<diplocation name="SW2" number="4"/>
			<dipvalue name="2" value="0"/>
			<dipvalue name="3" value="12" default="yes"/>
			<dipvalue name="4" value="8"/>
			<dipvalue name="5" value="4"/>
		</dipswitch>
		<dipswitch name="Extend" tag="DSW2" mask="16">
			<diplocation name="SW2" number="5"/>
			<dipvalue name="50k/100k/180k/300k" value="16" default="yes"/>
			<dipvalue name="50k/150k/300k" value="0"/>
		</dipswitch>
		<dipswitch name="Difficulty" tag="DSW2" mask="32">
			<diplocation name="SW2" number="6"/>
			<dipvalue name="Normal" value="32" default="yes"/>
			<dipvalue name="Hard" value="0"/>
		</dipswitch>
		<dipswitch name="Test Mode" tag="DSW2" mask="64">
			<diplocation name="SW2" number="7"/>
			<dipvalue name="No" value="64" default="yes"/>
			<dipvalue name="Yes" value="0"/>
		</dipswitch>
		<dipswitch name="Unused" tag="DSW2" mask="128">
			<diplocation name="SW2" number="8"/>
			<dipvalue name="Off" value="128" default="yes"/>
			<dipvalue name="On" value="0"/>
		</dipswitch>
		<port tag=":DSW1">
		</port>
		<port tag=":DSW2">
		</port>
		<port tag=":P1">
		</port>
		<port tag=":P2">
		</port>
		<port tag=":SERVICE">
		</port>
		<port tag=":UNUSED">
		</port>
		<driver status="good" emulation="good" savestate="unsupported"/>
	</machine>
	<machine name="wb33" sourcefile="segas16b.cpp" cloneof="wb3" romof="wb3">
		<description>Wonder Boy III - Monster Lair (set 3, World, System 16B) (FD1094 317-0089)</description>
		<year>1988</year>
		<manufacturer>Sega / Westone</manufacturer>
		<rom name="epr-12137.a7" size="131072" crc="6f81238e" sha1="b578165c1624f8a112e9eea098fb4551cc38faa1" region="maincpu" offset="0" flags="1000"/>
		<rom name="epr-12136.a5" size="131072" crc="4cf05003" sha1="bd4c64c327e53143aa94062f91946eda0a7146c2" region="maincpu" offset="1" flags="1000"/>
		<rom name="317-0089.key" size="8192" crc="597d30d3" sha1="3ee713128595a3423a3c826d6bbcedf4099c1178" region="maincpu:key" offset="0" flags="0"/>
		<rom name="epr-12124.a14" merge="epr-12124.a14" size="65536" crc="dacefb6f" sha1="789a5a99ad9419aee9da5397bcea34452ea8b4b3" region="gfx1" offset="0" flags="0"/>
		<rom name="epr-12125.a15" merge="epr-12125.a15" size="65536" crc="9fc36df7" sha1="b39ccc687489e9781181197505fc78aa5cf7ea55" region="gfx1" offset="10000" flags="0"/>
		<rom name="epr-12126.a16" merge="epr-12126.a16" size="65536" crc="a693fd94" sha1="38e5446f41b6793a8e4134fdd92b02b86e3589f7" region="gfx1" offset="20000" flags="0"/>
		<rom name="epr-12090.b1" merge="epr-12090.b1" size="65536" crc="aeeecfca" sha1="496124b170a725ad863c741d4e021ab947511e4c" region="sprites" offset="1" flags="1000"/>
		<rom name="epr-12094.b5" merge="epr-12094.b5" size="65536" crc="615e4927" sha1="d23f164973afa770714e284a77ddf10f18cc596b" region="sprites" offset="0" flags="1000"/>
		<rom name="epr-12091.b2" merge="epr-12091.b2" size="65536" crc="8409a243" sha1="bcbb9510a6499d8147543d6befa5a49f4ac055d9" region="sprites" offset="40001" flags="1000"/>
		<rom name="epr-12095.b6" merge="epr-12095.b6" size="65536" crc="e774ec2c" sha1="a4aa15ec7be5539a740ad02ff720458018dbc536" region="sprites" offset="40000" flags="1000"/>
		<rom name="epr-12092.b3" merge="epr-12092.b3" size="65536" crc="5c2f0d90" sha1="e0fbc0f841e4607ad232931368b16e81440a75c4" region="sprites" offset="80001" flags="1000"/>
		<rom name="epr-12096.b7" merge="epr-12096.b7" size="65536" crc="0cd59d6e" sha1="caf754a461feffafcfe7bfc6e89da76c4db257c5" region="sprites" offset="80000" flags="1000"/>
		<rom name="epr-12093.b4" merge="epr-12093.b4" size="65536" crc="4891e7bb" sha1="1be04fcabe9bfa8cf746263a5bcca67902a021a0" region="sprites" offset="c0001" flags="1000"/>
		<rom name="epr-12097.b8" merge="epr-12097.b8" size="65536" crc="e645902c" sha1="497cfcf6c25cc2e042e16dbcb1963d2223def15a" region="sprites" offset="c0000" flags="1000"/>
		<rom name="epr-12127.a10" merge="epr-12127.a10" size="32768" crc="0bb901bb" sha1="c81b198df8e3b0ec568032c76addf0d1a1711194" region="soundcpu" offset="0" flags="0"/>
		<rom name="315-5298.b9" merge="315-5298.b9" size="235" crc="39b47212" sha1="432b47aee5ecbf08a8a6dc2f8379c816feb86328" region="plds" offset="0" flags="0"/>
		<device_ref name="fd1094"/>
		<device_ref name="z80"/>
		<device_ref name="nvram"/>
		<device_ref name="sega_315_5195"/>
		<device_ref name="gfxdecode"/>
		<device_ref name="palette"/>
		<device_ref name="screen"/>
		<device_ref name="sega_sys16b_sprite"/>
		<device_ref name="segaic16_video"/>
		<device_ref name="speaker"/>
		<device_ref name="ym2151"/>
		<device_ref name="upd7759"/>
		<device_ref name="netlist_sound"/>
		<device_ref name="nl_stream_in"/>
		<device_ref name="nl_stream_in"/>
		<device_ref name="nl_stream_in"/>
		<device_ref name="nl_stream_out"/>
		<chip type="cpu" tag="maincpu" name="Hitachi FD1094 Encrypted CPU" clock="10000000"/>
		<chip type="cpu" tag="soundcpu" name="Zilog Z80" clock="5000000"/>
		<chip type="audio" tag="mono" name="Speaker"/>
		<chip type="audio" tag="ym2151" name="YM2151 OPM" clock="4000000"/>
		<chip type="audio" tag="upd" name="NEC uPD7759" clock="640000"/>
		<chip type="audio" tag="netlist" name="Netlist Sound Device"/>
		<display tag="screen" type="raster" rotate="0" width="320" height="224" refresh="60.054389" pixclock="6293700" htotal="400" hbend="0" hbstart="320" vtotal="262" vbend="0" vbstart="224" />
		<sound channels="1"/>
		<input players="2" coins="2" service="yes">
			<control type="joy" player="1" buttons="3" ways="8"/>
			<control type="joy" player="2" buttons="3" ways="8"/>
		</input>
		<dipswitch name="Coin A" tag="DSW1" mask="15">
			<diplocation name="SW1" number="1"/>
			<diplocation name="SW1" number="2"/>
			<diplocation name="SW1" number="3"/>
			<diplocation name="SW1" number="4"/>
			<dipvalue name="4 Coins/1 Credit" value="7"/>
			<dipvalue name="3 Coins/1 Credit" value="8"/>
			<dipvalue name="2 Coins/1 Credit" value="9"/>
			<dipvalue name="2 Coins/1 Credit 5/3 6/4" value="5"/>
			<dipvalue name="2 Coins/1 Credit 4/3" value="4"/>
			<dipvalue name="1 Coin/1 Credit" value="15" default="yes"/>
			<dipvalue name="1 Coin/1 Credit 5/6" value="3"/>
			<dipvalue name="1 Coin/1 Credit 4/5" value="2"/>
			<dipvalue name="1 Coin/1 Credit 2/3" value="1"/>
			<dipvalue name="2 Coins/3 Credits" value="6"/>
			<dipvalue name="1 Coin/2 Credits" value="14"/>
			<dipvalue name="1 Coin/3 Credits" value="13"/>
			<dipvalue name="1 Coin/4 Credits" value="12"/>
			<dipvalue name="1 Coin/5 Credits" value="11"/>
			<dipvalue name="1 Coin/6 Credits" value="10"/>
			<dipvalue name="Free Play (if Coin B too) or 1/1" value="0"/>
		</dipswitch>
		<dipswitch name="Coin B" tag="DSW1" mask="240">
			<diplocation name="SW1" number="5"/>
			<diplocation name="SW1" number="6"/>
			<diplocation name="SW1" number="7"/>
			<diplocation name="SW1" number="8"/>
			<dipvalue name="4 Coins/1 Credit" value="112"/>
			<dipvalue name="3 Coins/1 Credit" value="128"/>
			<dipvalue name="2 Coins/1 Credit" value="144"/>
			<dipvalue name="2 Coins/1 Credit 5/3 6/4" value="80"/>
			<dipvalue name="2 Coins/1 Credit 4/3" value="64"/>
			<dipvalue name="1 Coin/1 Credit" value="240" default="yes"/>
			<dipvalue name="1 Coin/1 Credit 5/6" value="48"/>
			<dipvalue name="1 Coin/1 Credit 4/5" value="32"/>
			<dipvalue name="1 Coin/1 Credit 2/3" value="16"/>
			<dipvalue name="2 Coins/3 Credits" value="96"/>
			<dipvalue name="1 Coin/2 Credits" value="224"/>
			<dipvalue name="1 Coin/3 Credits" value="208"/>
			<dipvalue name="1 Coin/4 Credits" value="192"/>
			<dipvalue name="1 Coin/5 Credits" value="176"/>
			<dipvalue name="1 Coin/6 Credits" value="160"/>
			<dipvalue name="Free Play (if Coin A too) or 1/1" value="0"/>
		</dipswitch>
		<dipswitch name="Unused" tag="DSW2" mask="1">
			<diplocation name="SW2" number="1"/>
			<dipvalue name="Off" value="1" default="yes"/>
			<dipvalue name="On" value="0"/>
		</dipswitch>
		<dipswitch name="Demo Sounds" tag="DSW2" mask="2">
			<diplocation name="SW2" number="2"/>
			<dipvalue name="Off" value="2"/>
			<dipvalue name="On" value="0" default="yes"/>
		</dipswitch>
		<dipswitch name="Lives" tag="DSW2" mask="12">
			<diplocation name="SW2" number="3"/>
			<diplocation name="SW2" number="4"/>
			<dipvalue name="2" value="0"/>
			<dipvalue name="3" value="12" default="yes"/>
			<dipvalue name="4" value="8"/>
			<dipvalue name="5" value="4"/>
		</dipswitch>
		<dipswitch name="Extend" tag="DSW2" mask="16">
			<diplocation name="SW2" number="5"/>
			<dipvalue name="50k/100k/180k/300k" value="16" default="yes"/>
			<dipvalue name="50k/150k/300k" value="0"/>
		</dipswitch>
		<dipswitch name="Difficulty" tag="DSW2" mask="32">
			<diplocation name="SW2" number="6"/>
			<dipvalue name="Normal" value="32" default="yes"/>
			<dipvalue name="Hard" value="0"/>
		</dipswitch>
		<dipswitch name="Test Mode" tag="DSW2" mask="64">
			<diplocation name="SW2" number="7"/>
			<dipvalue name="No" value="64" default="yes"/>
			<dipvalue name="Yes" value="0"/>
		</dipswitch>
		<dipswitch name="Unused" tag="DSW2" mask="128">
			<diplocation name="SW2" number="8"/>
			<dipvalue name="Off" value="128" default="yes"/>
			<dipvalue name="On" value="0"/>
		</dipswitch>
		<port tag=":DSW1">
		</port>
		<port tag=":DSW2">
		</port>
		<port tag=":P1">
		</port>
		<port tag=":P2">
		</port>
		<port tag=":SERVICE">
		</port>
		<port tag=":UNUSED">
		</port>
		<driver status="good" emulation="good" savestate="unsupported"/>
	</machine>
	<machine name="wb33d" sourcefile="segas16b.cpp" cloneof="wb3" romof="wb3">
		<description>Wonder Boy III - Monster Lair (set 3, World, System 16B) (bootleg of FD1094 317-0089 set)</description>
		<year>1988</year>
		<manufacturer>bootleg</manufacturer>
		<rom name="bootleg_epr-12137.a7" size="131072" crc="18a898af" sha1="4614fab9f27bdfefc0c402edbac454c517b78c2f" region="maincpu" offset="0" flags="1000"/>
		<rom name="bootleg_epr-12136.a5" size="131072" crc="e3d21248" sha1="6d146a0c9a5b1f8cb0d2770b2c272fafe58360c0" region="maincpu" offset="1" flags="1000"/>
		<rom name="epr-12124.a14" merge="epr-12124.a14" size="65536" crc="dacefb6f" sha1="789a5a99ad9419aee9da5397bcea34452ea8b4b3" region="gfx1" offset="0" flags="0"/>
		<rom name="epr-12125.a15" merge="epr-12125.a15" size="65536" crc="9fc36df7" sha1="b39ccc687489e9781181197505fc78aa5cf7ea55" region="gfx1" offset="10000" flags="0"/>
		<rom name="epr-12126.a16" merge="epr-12126.a16" size="65536" crc="a693fd94" sha1="38e5446f41b6793a8e4134fdd92b02b86e3589f7" region="gfx1" offset="20000" flags="0"/>
		<rom name="epr-12090.b1" merge="epr-12090.b1" size="65536" crc="aeeecfca" sha1="496124b170a725ad863c741d4e021ab947511e4c" region="sprites" offset="1" flags="1000"/>
		<rom name="epr-12094.b5" merge="epr-12094.b5" size="65536" crc="615e4927" sha1="d23f164973afa770714e284a77ddf10f18cc596b" region="sprites" offset="0" flags="1000"/>
		<rom name="epr-12091.b2" merge="epr-12091.b2" size="65536" crc="8409a243" sha1="bcbb9510a6499d8147543d6befa5a49f4ac055d9" region="sprites" offset="40001" flags="1000"/>
		<rom name="epr-12095.b6" merge="epr-12095.b6" size="65536" crc="e774ec2c" sha1="a4aa15ec7be5539a740ad02ff720458018dbc536" region="sprites" offset="40000" flags="1000"/>
		<rom name="epr-12092.b3" merge="epr-12092.b3" size="65536" crc="5c2f0d90" sha1="e0fbc0f841e4607ad232931368b16e81440a75c4" region="sprites" offset="80001" flags="1000"/>
		<rom name="epr-12096.b7" merge="epr-12096.b7" size="65536" crc="0cd59d6e" sha1="caf754a461feffafcfe7bfc6e89da76c4db257c5" region="sprites" offset="80000" flags="1000"/>
		<rom name="epr-12093.b4" merge="epr-12093.b4" size="65536" crc="4891e7bb" sha1="1be04fcabe9bfa8cf746263a5bcca67902a021a0" region="sprites" offset="c0001" flags="1000"/>
		<rom name="epr-12097.b8" merge="epr-12097.b8" size="65536" crc="e645902c" sha1="497cfcf6c25cc2e042e16dbcb1963d2223def15a" region="sprites" offset="c0000" flags="1000"/>
		<rom name="epr-12127.a10" merge="epr-12127.a10" size="32768" crc="0bb901bb" sha1="c81b198df8e3b0ec568032c76addf0d1a1711194" region="soundcpu" offset="0" flags="0"/>
		<rom name="315-5298.b9" merge="315-5298.b9" size="235" crc="39b47212" sha1="432b47aee5ecbf08a8a6dc2f8379c816feb86328" region="plds" offset="0" flags="0"/>
		<device_ref name="m68000"/>
		<device_ref name="z80"/>
		<device_ref name="nvram"/>
		<device_ref name="sega_315_5195"/>
		<device_ref name="gfxdecode"/>
		<device_ref name="palette"/>
		<device_ref name="screen"/>
		<device_ref name="sega_sys16b_sprite"/>
		<device_ref name="segaic16_video"/>
		<device_ref name="speaker"/>
		<device_ref name="ym2151"/>
		<device_ref name="upd7759"/>
		<device_ref name="netlist_sound"/>
		<device_ref name="nl_stream_in"/>
		<device_ref name="nl_stream_in"/>
		<device_ref name="nl_stream_in"/>
		<device_ref name="nl_stream_out"/>
		<chip type="cpu" tag="maincpu" name="Motorola MC68000" clock="10000000"/>
		<chip type="cpu" tag="soundcpu" name="Zilog Z80" clock="5000000"/>
		<chip type="audio" tag="mono" name="Speaker"/>
		<chip type="audio" tag="ym2151" name="YM2151 OPM" clock="4000000"/>
		<chip type="audio" tag="upd" name="NEC uPD7759" clock="640000"/>
		<chip type="audio" tag="netlist" name="Netlist Sound Device"/>
		<display tag="screen" type="raster" rotate="0" width="320" height="224" refresh="60.054389" pixclock="6293700" htotal="400" hbend="0" hbstart="320" vtotal="262" vbend="0" vbstart="224" />
		<sound channels="1"/>
		<input players="2" coins="2" service="yes">
			<control type="joy" player="1" buttons="3" ways="8"/>
			<control type="joy" player="2" buttons="3" ways="8"/>
		</input>
		<dipswitch name="Coin A" tag="DSW1" mask="15">
			<diplocation name="SW1" number="1"/>
			<diplocation name="SW1" number="2"/>
			<diplocation name="SW1" number="3"/>
			<diplocation name="SW1" number="4"/>
			<dipvalue name="4 Coins/1 Credit" value="7"/>
			<dipvalue name="3 Coins/1 Credit" value="8"/>
			<dipvalue name="2 Coins/1 Credit" value="9"/>
			<dipvalue name="2 Coins/1 Credit 5/3 6/4" value="5"/>
			<dipvalue name="2 Coins/1 Credit 4/3" value="4"/>
			<dipvalue name="1 Coin/1 Credit" value="15" default="yes"/>
			<dipvalue name="1 Coin/1 Credit 5/6" value="3"/>
			<dipvalue name="1 Coin/1 Credit 4/5" value="2"/>
			<dipvalue name="1 Coin/1 Credit 2/3" value="1"/>
			<dipvalue name="2 Coins/3 Credits" value="6"/>
			<dipvalue name="1 Coin/2 Credits" value="14"/>
			<dipvalue name="1 Coin/3 Credits" value="13"/>
			<dipvalue name="1 Coin/4 Credits" value="12"/>
			<dipvalue name="1 Coin/5 Credits" value="11"/>
			<dipvalue name="1 Coin/6 Credits" value="10"/>
			<dipvalue name="Free Play (if Coin B too) or 1/1" value="0"/>
		</dipswitch>
		<dipswitch name="Coin B" tag="DSW1" mask="240">
			<diplocation name="SW1" number="5"/>
			<diplocation name="SW1" number="6"/>
			<diplocation name="SW1" number="7"/>
			<diplocation name="SW1" number="8"/>
			<dipvalue name="4 Coins/1 Credit" value="112"/>
			<dipvalue name="3 Coins/1 Credit" value="128"/>
			<dipvalue name="2 Coins/1 Credit" value="144"/>
			<dipvalue name="2 Coins/1 Credit 5/3 6/4" value="80"/>
			<dipvalue name="2 Coins/1 Credit 4/3" value="64"/>
			<dipvalue name="1 Coin/1 Credit" value="240" default="yes"/>
			<dipvalue name="1 Coin/1 Credit 5/6" value="48"/>
			<dipvalue name="1 Coin/1 Credit 4/5" value="32"/>
			<dipvalue name="1 Coin/1 Credit 2/3" value="16"/>
			<dipvalue name="2 Coins/3 Credits" value="96"/>
			<dipvalue name="1 Coin/2 Credits" value="224"/>
			<dipvalue name="1 Coin/3 Credits" value="208"/>
			<dipvalue name="1 Coin/4 Credits" value="192"/>
			<dipvalue name="1 Coin/5 Credits" value="176"/>
			<dipvalue name="1 Coin/6 Credits" value="160"/>
			<dipvalue name="Free Play (if Coin A too) or 1/1" value="0"/>
		</dipswitch>
		<dipswitch name="Unused" tag="DSW2" mask="1">
			<diplocation name="SW2" number="1"/>
			<dipvalue name="Off" value="1" default="yes"/>
			<dipvalue name="On" value="0"/>
		</dipswitch>
		<dipswitch name="Demo Sounds" tag="DSW2" mask="2">
			<diplocation name="SW2" number="2"/>
			<dipvalue name="Off" value="2"/>
			<dipvalue name="On" value="0" default="yes"/>
		</dipswitch>
		<dipswitch name="Lives" tag="DSW2" mask="12">
			<diplocation name="SW2" number="3"/>
			<diplocation name="SW2" number="4"/>
			<dipvalue name="2" value="0"/>
			<dipvalue name="3" value="12" default="yes"/>
			<dipvalue name="4" value="8"/>
			<dipvalue name="5" value="4"/>
		</dipswitch>
		<dipswitch name="Extend" tag="DSW2" mask="16">
			<diplocation name="SW2" number="5"/>
			<dipvalue name="50k/100k/180k/300k" value="16" default="yes"/>
			<dipvalue name="50k/150k/300k" value="0"/>
		</dipswitch>
		<dipswitch name="Difficulty" tag="DSW2" mask="32">
			<diplocation name="SW2" number="6"/>
			<dipvalue name="Normal" value="32" default="yes"/>
			<dipvalue name="Hard" value="0"/>
		</dipswitch>
		<dipswitch name="Test Mode" tag="DSW2" mask="64">
			<diplocation name="SW2" number="7"/>
			<dipvalue name="No" value="64" default="yes"/>
			<dipvalue name="Yes" value="0"/>
		</dipswitch>
		<dipswitch name="Unused" tag="DSW2" mask="128">
			<diplocation name="SW2" number="8"/>
			<dipvalue name="Off" value="128" default="yes"/>
			<dipvalue name="On" value="0"/>
		</dipswitch>
		<port tag=":DSW1">
		</port>
		<port tag=":DSW2">
		</port>
		<port tag=":P1">
		</port>
		<port tag=":P2">
		</port>
		<port tag=":SERVICE">
		</port>
		<port tag=":UNUSED">
		</port>
		<driver status="good" emulation="good" savestate="unsupported"/>
	</machine>
	<machine name="wb34" sourcefile="segas16b.cpp" cloneof="wb3" romof="wb3">
		<description>Wonder Boy III - Monster Lair (set 4, Japan, System 16B) (FD1094 317-0087)</description>
		<year>1988</year>
		<manufacturer>Sega / Westone</manufacturer>
		<rom name="epr-12131.a7" size="131072" crc="b95ecf88" sha1="a431f8ecfffc0090047a6dda23e1f3bf9a46124e" region="maincpu" offset="0" flags="1000"/>
		<rom name="epr-12128.a5" size="131072" crc="b711372b" sha1="f7367ab0ec4e6066148a7821aea6122bc840fd8b" region="maincpu" offset="1" flags="1000"/>
		<rom name="317-0087.key" size="8192" crc="162cb531" sha1="b94ae9df54edd228a462af35465d918b17da6d88" region="maincpu:key" offset="0" flags="0"/>
		<rom name="epr-12124.a14" merge="epr-12124.a14" size="65536" crc="dacefb6f" sha1="789a5a99ad9419aee9da5397bcea34452ea8b4b3" region="gfx1" offset="0" flags="0"/>
		<rom name="epr-12125.a15" merge="epr-12125.a15" size="65536" crc="9fc36df7" sha1="b39ccc687489e9781181197505fc78aa5cf7ea55" region="gfx1" offset="10000" flags="0"/>
		<rom name="epr-12126.a16" merge="epr-12126.a16" size="65536" crc="a693fd94" sha1="38e5446f41b6793a8e4134fdd92b02b86e3589f7" region="gfx1" offset="20000" flags="0"/>
		<rom name="epr-12090.b1" merge="epr-12090.b1" size="65536" crc="aeeecfca" sha1="496124b170a725ad863c741d4e021ab947511e4c" region="sprites" offset="1" flags="1000"/>
		<rom name="epr-12094.b5" merge="epr-12094.b5" size="65536" crc="615e4927" sha1="d23f164973afa770714e284a77ddf10f18cc596b" region="sprites" offset="0" flags="1000"/>
		<rom name="epr-12091.b2" merge="epr-12091.b2" size="65536" crc="8409a243" sha1="bcbb9510a6499d8147543d6befa5a49f4ac055d9" region="sprites" offset="40001" flags="1000"/>
		<rom name="epr-12095.b6" merge="epr-12095.b6" size="65536" crc="e774ec2c" sha1="a4aa15ec7be5539a740ad02ff720458018dbc536" region="sprites" offset="40000" flags="1000"/>
		<rom name="epr-12092.b3" merge="epr-12092.b3" size="65536" crc="5c2f0d90" sha1="e0fbc0f841e4607ad232931368b16e81440a75c4" region="sprites" offset="80001" flags="1000"/>
		<rom name="epr-12096.b7" merge="epr-12096.b7" size="65536" crc="0cd59d6e" sha1="caf754a461feffafcfe7bfc6e89da76c4db257c5" region="sprites" offset="80000" flags="1000"/>
		<rom name="epr-12093.b4" merge="epr-12093.b4" size="65536" crc="4891e7bb" sha1="1be04fcabe9bfa8cf746263a5bcca67902a021a0" region="sprites" offset="c0001" flags="1000"/>
		<rom name="epr-12097.b8" merge="epr-12097.b8" size="65536" crc="e645902c" sha1="497cfcf6c25cc2e042e16dbcb1963d2223def15a" region="sprites" offset="c0000" flags="1000"/>
		<rom name="epr-12127.a10" merge="epr-12127.a10" size="32768" crc="0bb901bb" sha1="c81b198df8e3b0ec568032c76addf0d1a1711194" region="soundcpu" offset="0" flags="0"/>
		<rom name="315-5298.b9" merge="315-5298.b9" size="235" crc="39b47212" sha1="432b47aee5ecbf08a8a6dc2f8379c816feb86328" region="plds" offset="0" flags="0"/>
		<device_ref name="fd1094"/>
		<device_ref name="z80"/>
		<device_ref name="nvram"/>
		<device_ref name="sega_315_5195"/>
		<device_ref name="gfxdecode"/>
		<device_ref name="palette"/>
		<device_ref name="screen"/>
		<device_ref name="sega_sys16b_sprite"/>
		<device_ref name="segaic16_video"/>
		<device_ref name="speaker"/>
		<device_ref name="ym2151"/>
		<device_ref name="upd7759"/>
		<device_ref name="netlist_sound"/>
		<device_ref name="nl_stream_in"/>
		<device_ref name="nl_stream_in"/>
		<device_ref name="nl_stream_in"/>
		<device_ref name="nl_stream_out"/>
		<chip type="cpu" tag="maincpu" name="Hitachi FD1094 Encrypted CPU" clock="10000000"/>
		<chip type="cpu" tag="soundcpu" name="Zilog Z80" clock="5000000"/>
		<chip type="audio" tag="mono" name="Speaker"/>
		<chip type="audio" tag="ym2151" name="YM2151 OPM" clock="4000000"/>
		<chip type="audio" tag="upd" name="NEC uPD7759" clock="640000"/>
		<chip type="audio" tag="netlist" name="Netlist Sound Device"/>
		<display tag="screen" type="raster" rotate="0" width="320" height="224" refresh="60.054389" pixclock="6293700" htotal="400" hbend="0" hbstart="320" vtotal="262" vbend="0" vbstart="224" />
		<sound channels="1"/>
		<input players="2" coins="2" service="yes">
			<control type="joy" player="1" buttons="3" ways="8"/>
			<control type="joy" player="2" buttons="3" ways="8"/>
		</input>
		<dipswitch name="Coin A" tag="DSW1" mask="15">
			<diplocation name="SW1" number="1"/>
			<diplocation name="SW1" number="2"/>
			<diplocation name="SW1" number="3"/>
			<diplocation name="SW1" number="4"/>
			<dipvalue name="4 Coins/1 Credit" value="7"/>
			<dipvalue name="3 Coins/1 Credit" value="8"/>
			<dipvalue name="2 Coins/1 Credit" value="9"/>
			<dipvalue name="2 Coins/1 Credit 5/3 6/4" value="5"/>
			<dipvalue name="2 Coins/1 Credit 4/3" value="4"/>
			<dipvalue name="1 Coin/1 Credit" value="15" default="yes"/>
			<dipvalue name="1 Coin/1 Credit 5/6" value="3"/>
			<dipvalue name="1 Coin/1 Credit 4/5" value="2"/>
			<dipvalue name="1 Coin/1 Credit 2/3" value="1"/>
			<dipvalue name="2 Coins/3 Credits" value="6"/>
			<dipvalue name="1 Coin/2 Credits" value="14"/>
			<dipvalue name="1 Coin/3 Credits" value="13"/>
			<dipvalue name="1 Coin/4 Credits" value="12"/>
			<dipvalue name="1 Coin/5 Credits" value="11"/>
			<dipvalue name="1 Coin/6 Credits" value="10"/>
			<dipvalue name="Free Play (if Coin B too) or 1/1" value="0"/>
		</dipswitch>
		<dipswitch name="Coin B" tag="DSW1" mask="240">
			<diplocation name="SW1" number="5"/>
			<diplocation name="SW1" number="6"/>
			<diplocation name="SW1" number="7"/>
			<diplocation name="SW1" number="8"/>
			<dipvalue name="4 Coins/1 Credit" value="112"/>
			<dipvalue name="3 Coins/1 Credit" value="128"/>
			<dipvalue name="2 Coins/1 Credit" value="144"/>
			<dipvalue name="2 Coins/1 Credit 5/3 6/4" value="80"/>
			<dipvalue name="2 Coins/1 Credit 4/3" value="64"/>
			<dipvalue name="1 Coin/1 Credit" value="240" default="yes"/>
			<dipvalue name="1 Coin/1 Credit 5/6" value="48"/>
			<dipvalue name="1 Coin/1 Credit 4/5" value="32"/>
			<dipvalue name="1 Coin/1 Credit 2/3" value="16"/>
			<dipvalue name="2 Coins/3 Credits" value="96"/>
			<dipvalue name="1 Coin/2 Credits" value="224"/>
			<dipvalue name="1 Coin/3 Credits" value="208"/>
			<dipvalue name="1 Coin/4 Credits" value="192"/>
			<dipvalue name="1 Coin/5 Credits" value="176"/>
			<dipvalue name="1 Coin/6 Credits" value="160"/>
			<dipvalue name="Free Play (if Coin A too) or 1/1" value="0"/>
		</dipswitch>
		<dipswitch name="Unused" tag="DSW2" mask="1">
			<diplocation name="SW2" number="1"/>
			<dipvalue name="Off" value="1" default="yes"/>
			<dipvalue name="On" value="0"/>
		</dipswitch>
		<dipswitch name="Demo Sounds" tag="DSW2" mask="2">
			<diplocation name="SW2" number="2"/>
			<dipvalue name="Off" value="2"/>
			<dipvalue name="On" value="0" default="yes"/>
		</dipswitch>
		<dipswitch name="Lives" tag="DSW2" mask="12">
			<diplocation name="SW2" number="3"/>
			<diplocation name="SW2" number="4"/>
			<dipvalue name="2" value="0"/>
			<dipvalue name="3" value="12" default="yes"/>
			<dipvalue name="4" value="8"/>
			<dipvalue name="5" value="4"/>
		</dipswitch>
		<dipswitch name="Extend" tag="DSW2" mask="16">
			<diplocation name="SW2" number="5"/>
			<dipvalue name="50k/100k/180k/300k" value="16" default="yes"/>
			<dipvalue name="50k/150k/300k" value="0"/>
		</dipswitch>
		<dipswitch name="Difficulty" tag="DSW2" mask="32">
			<diplocation name="SW2" number="6"/>
			<dipvalue name="Normal" value="32" default="yes"/>
			<dipvalue name="Hard" value="0"/>
		</dipswitch>
		<dipswitch name="Test Mode" tag="DSW2" mask="64">
			<diplocation name="SW2" number="7"/>
			<dipvalue name="No" value="64" default="yes"/>
			<dipvalue name="Yes" value="0"/>
		</dipswitch>
		<dipswitch name="Unused" tag="DSW2" mask="128">
			<diplocation name="SW2" number="8"/>
			<dipvalue name="Off" value="128" default="yes"/>
			<dipvalue name="On" value="0"/>
		</dipswitch>
		<port tag=":DSW1">
		</port>
		<port tag=":DSW2">
		</port>
		<port tag=":P1">
		</port>
		<port tag=":P2">
		</port>
		<port tag=":SERVICE">
		</port>
		<port tag=":UNUSED">
		</port>
		<driver status="good" emulation="good" savestate="unsupported"/>
	</machine>
	<machine name="wb34d" sourcefile="segas16b.cpp" cloneof="wb3" romof="wb3">
		<description>Wonder Boy III - Monster Lair (set 4, Japan, System 16B) (bootleg of FD1094 317-0087 set)</description>
		<year>1988</year>
		<manufacturer>bootleg</manufacturer>
		<rom name="bootleg_epr-12131.a7" size="131072" crc="64e864b1" sha1="35ff3c2e9a53391ab7be9e2b479bb6ee3fc86600" region="maincpu" offset="0" flags="1000"/>
		<rom name="bootleg_epr-12128.a5" size="131072" crc="1b0fdaec" sha1="41de62e185a75009fbb96d5c434d29321af29b4e" region="maincpu" offset="1" flags="1000"/>
		<rom name="epr-12124.a14" merge="epr-12124.a14" size="65536" crc="dacefb6f" sha1="789a5a99ad9419aee9da5397bcea34452ea8b4b3" region="gfx1" offset="0" flags="0"/>
		<rom name="epr-12125.a15" merge="epr-12125.a15" size="65536" crc="9fc36df7" sha1="b39ccc687489e9781181197505fc78aa5cf7ea55" region="gfx1" offset="10000" flags="0"/>
		<rom name="epr-12126.a16" merge="epr-12126.a16" size="65536" crc="a693fd94" sha1="38e5446f41b6793a8e4134fdd92b02b86e3589f7" region="gfx1" offset="20000" flags="0"/>
		<rom name="epr-12090.b1" merge="epr-12090.b1" size="65536" crc="aeeecfca" sha1="496124b170a725ad863c741d4e021ab947511e4c" region="sprites" offset="1" flags="1000"/>
		<rom name="epr-12094.b5" merge="epr-12094.b5" size="65536" crc="615e4927" sha1="d23f164973afa770714e284a77ddf10f18cc596b" region="sprites" offset="0" flags="1000"/>
		<rom name="epr-12091.b2" merge="epr-12091.b2" size="65536" crc="8409a243" sha1="bcbb9510a6499d8147543d6befa5a49f4ac055d9" region="sprites" offset="40001" flags="1000"/>
		<rom name="epr-12095.b6" merge="epr-12095.b6" size="65536" crc="e774ec2c" sha1="a4aa15ec7be5539a740ad02ff720458018dbc536" region="sprites" offset="40000" flags="1000"/>
		<rom name="epr-12092.b3" merge="epr-12092.b3" size="65536" crc="5c2f0d90" sha1="e0fbc0f841e4607ad232931368b16e81440a75c4" region="sprites" offset="80001" flags="1000"/>
		<rom name="epr-12096.b7" merge="epr-12096.b7" size="65536" crc="0cd59d6e" sha1="caf754a461feffafcfe7bfc6e89da76c4db257c5" region="sprites" offset="80000" flags="1000"/>
		<rom name="epr-12093.b4" merge="epr-12093.b4" size="65536" crc="4891e7bb" sha1="1be04fcabe9bfa8cf746263a5bcca67902a021a0" region="sprites" offset="c0001" flags="1000"/>
		<rom name="epr-12097.b8" merge="epr-12097.b8" size="65536" crc="e645902c" sha1="497cfcf6c25cc2e042e16dbcb1963d2223def15a" region="sprites" offset="c0000" flags="1000"/>
		<rom name="epr-12127.a10" merge="epr-12127.a10" size="32768" crc="0bb901bb" sha1="c81b198df8e3b0ec568032c76addf0d1a1711194" region="soundcpu" offset="0" flags="0"/>
		<rom name="315-5298.b9" merge="315-5298.b9" size="235" crc="39b47212" sha1="432b47aee5ecbf08a8a6dc2f8379c816feb86328" region="plds" offset="0" flags="0"/>
		<device_ref name="m68000"/>
		<device_ref name="z80"/>
		<device_ref name="nvram"/>
		<device_ref name="sega_315_5195"/>
		<device_ref name="gfxdecode"/>
		<device_ref name="palette"/>
		<device_ref name="screen"/>
		<device_ref name="sega_sys16b_sprite"/>
		<device_ref name="segaic16_video"/>
		<device_ref name="speaker"/>
		<device_ref name="ym2151"/>
		<device_ref name="upd7759"/>
		<device_ref name="netlist_sound"/>
		<device_ref name="nl_stream_in"/>
		<device_ref name="nl_stream_in"/>
		<device_ref name="nl_stream_in"/>
		<device_ref name="nl_stream_out"/>
		<chip type="cpu" tag="maincpu" name="Motorola MC68000" clock="10000000"/>
		<chip type="cpu" tag="soundcpu" name="Zilog Z80" clock="5000000"/>
		<chip type="audio" tag="mono" name="Speaker"/>
		<chip type="audio" tag="ym2151" name="YM2151 OPM" clock="4000000"/>
		<chip type="audio" tag="upd" name="NEC uPD7759" clock="640000"/>
		<chip type="audio" tag="netlist" name="Netlist Sound Device"/>
		<display tag="screen" type="raster" rotate="0" width="320" height="224" refresh="60.054389" pixclock="6293700" htotal="400" hbend="0" hbstart="320" vtotal="262" vbend="0" vbstart="224" />
		<sound channels="1"/>
		<input players="2" coins="2" service="yes">
			<control type="joy" player="1" buttons="3" ways="8"/>
			<control type="joy" player="2" buttons="3" ways="8"/>
		</input>
		<dipswitch name="Coin A" tag="DSW1" mask="15">
			<diplocation name="SW1" number="1"/>
			<diplocation name="SW1" number="2"/>
			<diplocation name="SW1" number="3"/>
			<diplocation name="SW1" number="4"/>
			<dipvalue name="4 Coins/1 Credit" value="7"/>
			<dipvalue name="3 Coins/1 Credit" value="8"/>
			<dipvalue name="2 Coins/1 Credit" value="9"/>
			<dipvalue name="2 Coins/1 Credit 5/3 6/4" value="5"/>
			<dipvalue name="2 Coins/1 Credit 4/3" value="4"/>
			<dipvalue name="1 Coin/1 Credit" value="15" default="yes"/>
			<dipvalue name="1 Coin/1 Credit 5/6" value="3"/>
			<dipvalue name="1 Coin/1 Credit 4/5" value="2"/>
			<dipvalue name="1 Coin/1 Credit 2/3" value="1"/>
			<dipvalue name="2 Coins/3 Credits" value="6"/>
			<dipvalue name="1 Coin/2 Credits" value="14"/>
			<dipvalue name="1 Coin/3 Credits" value="13"/>
			<dipvalue name="1 Coin/4 Credits" value="12"/>
			<dipvalue name="1 Coin/5 Credits" value="11"/>
			<dipvalue name="1 Coin/6 Credits" value="10"/>
			<dipvalue name="Free Play (if Coin B too) or 1/1" value="0"/>
		</dipswitch>
		<dipswitch name="Coin B" tag="DSW1" mask="240">
			<diplocation name="SW1" number="5"/>
			<diplocation name="SW1" number="6"/>
			<diplocation name="SW1" number="7"/>
			<diplocation name="SW1" number="8"/>
			<dipvalue name="4 Coins/1 Credit" value="112"/>
			<dipvalue name="3 Coins/1 Credit" value="128"/>
			<dipvalue name="2 Coins/1 Credit" value="144"/>
			<dipvalue name="2 Coins/1 Credit 5/3 6/4" value="80"/>
			<dipvalue name="2 Coins/1 Credit 4/3" value="64"/>
			<dipvalue name="1 Coin/1 Credit" value="240" default="yes"/>
			<dipvalue name="1 Coin/1 Credit 5/6" value="48"/>
			<dipvalue name="1 Coin/1 Credit 4/5" value="32"/>
			<dipvalue name="1 Coin/1 Credit 2/3" value="16"/>
			<dipvalue name="2 Coins/3 Credits" value="96"/>
			<dipvalue name="1 Coin/2 Credits" value="224"/>
			<dipvalue name="1 Coin/3 Credits" value="208"/>
			<dipvalue name="1 Coin/4 Credits" value="192"/>
			<dipvalue name="1 Coin/5 Credits" value="176"/>
			<dipvalue name="1 Coin/6 Credits" value="160"/>
			<dipvalue name="Free Play (if Coin A too) or 1/1" value="0"/>
		</dipswitch>
		<dipswitch name="Unused" tag="DSW2" mask="1">
			<diplocation name="SW2" number="1"/>
			<dipvalue name="Off" value="1" default="yes"/>
			<dipvalue name="On" value="0"/>
		</dipswitch>
		<dipswitch name="Demo Sounds" tag="DSW2" mask="2">
			<diplocation name="SW2" number="2"/>
			<dipvalue name="Off" value="2"/>
			<dipvalue name="On" value="0" default="yes"/>
		</dipswitch>
		<dipswitch name="Lives" tag="DSW2" mask="12">
			<diplocation name="SW2" number="3"/>
			<diplocation name="SW2" number="4"/>
			<dipvalue name="2" value="0"/>
			<dipvalue name="3" value="12" default="yes"/>
			<dipvalue name="4" value="8"/>
			<dipvalue name="5" value="4"/>
		</dipswitch>
		<dipswitch name="Extend" tag="DSW2" mask="16">
			<diplocation name="SW2" number="5"/>
			<dipvalue name="50k/100k/180k/300k" value="16" default="yes"/>
			<dipvalue name="50k/150k/300k" value="0"/>
		</dipswitch>
		<dipswitch name="Difficulty" tag="DSW2" mask="32">
			<diplocation name="SW2" number="6"/>
			<dipvalue name="Normal" value="32" default="yes"/>
			<dipvalue name="Hard" value="0"/>
		</dipswitch>
		<dipswitch name="Test Mode" tag="DSW2" mask="64">
			<diplocation name="SW2" number="7"/>
			<dipvalue name="No" value="64" default="yes"/>
			<dipvalue name="Yes" value="0"/>
		</dipswitch>
		<dipswitch name="Unused" tag="DSW2" mask="128">
			<diplocation name="SW2" number="8"/>
			<dipvalue name="Off" value="128" default="yes"/>
			<dipvalue name="On" value="0"/>
		</dipswitch>
		<port tag=":DSW1">
		</port>
		<port tag=":DSW2">
		</port>
		<port tag=":P1">
		</port>
		<port tag=":P2">
		</port>
		<port tag=":SERVICE">
		</port>
		<port tag=":UNUSED">
		</port>
		<driver status="good" emulation="good" savestate="unsupported"/>
	</machine>
	<machine name="wb35" sourcefile="segas16a.cpp" cloneof="wb3" romof="wb3">
		<description>Wonder Boy III Monster Lair (Set 5, Japan, S16A) [FD1089A 317-0086]</description>
		<year>1988</year>
		<manufacturer>Sega / Westone</manufacturer>
		<rom name="epr-12120.43" size="65536" crc="cbd8c99b" sha1="2401aab80293bbe3b603a0b6af33ebc8834915e9" region="maincpu" offset="0" flags="1000"/>
		<rom name="epr-12118.26" size="65536" crc="e9a3280c" sha1="b7725171286915f8e1039d8063ba9e9f6ab40b56" region="maincpu" offset="1" flags="1000"/>
		<rom name="epr-12121.42" size="65536" crc="5e44c0a9" sha1="4d4c9575a6cd571a7cf635164e92afd92d4b63fe" region="maincpu" offset="20000" flags="1000"/>
		<rom name="epr-12119.25" size="65536" crc="01ed3ef9" sha1="29491a81a735198393f1cc2f06940cf40168ff59" region="maincpu" offset="20001" flags="1000"/>
		<rom name="epr-12086.95" size="65536" crc="45b949df" sha1="84390d16da00b775988e5f6c20950cb2304b1a74" region="gfx1" offset="0" flags="0"/>
		<rom name="epr-12087.94" size="65536" crc="6f0396b7" sha1="0a340f2b58e5ecfe504197a8fd2111181e868a3e" region="gfx1" offset="10000" flags="0"/>
		<rom name="epr-12088.83" size="65536" crc="ba8c0749" sha1="7d996c7a1ad249c06ef7ec9c87a83710c98005d3" region="gfx1" offset="20000" flags="0"/>
		<rom name="epr-12090.10" merge="epr-12090.b1" size="65536" crc="aeeecfca" sha1="496124b170a725ad863c741d4e021ab947511e4c" region="sprites" offset="1" flags="1000"/>
		<rom name="epr-12094.11" merge="epr-12094.b5" size="65536" crc="615e4927" sha1="d23f164973afa770714e284a77ddf10f18cc596b" region="sprites" offset="0" flags="1000"/>
		<rom name="epr-12091.17" merge="epr-12091.b2" size="65536" crc="8409a243" sha1="bcbb9510a6499d8147543d6befa5a49f4ac055d9" region="sprites" offset="10001" flags="1000"/>
		<rom name="epr-12095.18" merge="epr-12095.b6" size="65536" crc="e774ec2c" sha1="a4aa15ec7be5539a740ad02ff720458018dbc536" region="sprites" offset="10000" flags="1000"/>
		<rom name="epr-12092.23" merge="epr-12092.b3" size="65536" crc="5c2f0d90" sha1="e0fbc0f841e4607ad232931368b16e81440a75c4" region="sprites" offset="20001" flags="1000"/>
		<rom name="epr-12096.24" merge="epr-12096.b7" size="65536" crc="0cd59d6e" sha1="caf754a461feffafcfe7bfc6e89da76c4db257c5" region="sprites" offset="20000" flags="1000"/>
		<rom name="epr-12093.29" merge="epr-12093.b4" size="65536" crc="4891e7bb" sha1="1be04fcabe9bfa8cf746263a5bcca67902a021a0" region="sprites" offset="30001" flags="1000"/>
		<rom name="epr-12097.30" merge="epr-12097.b8" size="65536" crc="e645902c" sha1="497cfcf6c25cc2e042e16dbcb1963d2223def15a" region="sprites" offset="30000" flags="1000"/>
		<rom name="epr-12089.12" size="32768" crc="8321eb0b" sha1="61cf95833c0aa38e35fc18db39d4ec74e4aaf01e" region="soundcpu" offset="0" flags="0"/>
		<rom name="317-0086.key" size="8192" crc="5b8e7076" sha1="387d6446266c32668a5182f825bb60b059d67f10" status="baddump" region="maincpu:key" offset="0" flags="0"/>
		<device_ref name="fd1089a"/>
		<device_ref name="z80"/>
		<device_ref name="i8243"/>
		<device_ref name="nvram"/>
		<device_ref name="watchdog"/>
		<device_ref name="i8255"/>
		<device_ref name="screen"/>
		<device_ref name="sega_sys16a_sprite"/>
		<device_ref name="segaic16_video"/>
		<device_ref name="gfxdecode"/>
		<device_ref name="palette"/>
		<device_ref name="speaker"/>
		<device_ref name="generic_latch_8"/>
		<device_ref name="ym2151"/>
		<chip type="cpu" tag="maincpu" name="Hitachi FD1089A Encrypted CPU" clock="10000000"/>
		<chip type="cpu" tag="soundcpu" name="Zilog Z80" clock="4000000"/>
		<chip type="audio" tag="speaker" name="Speaker"/>
		<chip type="audio" tag="ymsnd" name="YM2151 OPM" clock="4000000"/>
		<display tag="screen" type="raster" rotate="0" width="320" height="224" refresh="60.000000" pixclock="5376240" htotal="342" hbend="0" hbstart="320" vtotal="262" vbend="0" vbstart="224" />
		<sound channels="1"/>
		<input players="2" coins="2" service="yes">
			<control type="joy" player="1" buttons="3" ways="8"/>
			<control type="joy" player="2" buttons="3" ways="8"/>
		</input>
		<dipswitch name="Coin A" tag="DSW1" mask="15">
			<diplocation name="SW1" number="1"/>
			<diplocation name="SW1" number="2"/>
			<diplocation name="SW1" number="3"/>
			<diplocation name="SW1" number="4"/>
			<dipvalue name="4 Coins/1 Credit" value="7"/>
			<dipvalue name="3 Coins/1 Credit" value="8"/>
			<dipvalue name="2 Coins/1 Credit" value="9"/>
			<dipvalue name="2 Coins/1 Credit 5/3 6/4" value="5"/>
			<dipvalue name="2 Coins/1 Credit 4/3" value="4"/>
			<dipvalue name="1 Coin/1 Credit" value="15" default="yes"/>
			<dipvalue name="1 Coin/1 Credit 5/6" value="3"/>
			<dipvalue name="1 Coin/1 Credit 4/5" value="2"/>
			<dipvalue name="1 Coin/1 Credit 2/3" value="1"/>
			<dipvalue name="2 Coins/3 Credits" value="6"/>
			<dipvalue name="1 Coin/2 Credits" value="14"/>
			<dipvalue name="1 Coin/3 Credits" value="13"/>
			<dipvalue name="1 Coin/4 Credits" value="12"/>
			<dipvalue name="1 Coin/5 Credits" value="11"/>
			<dipvalue name="1 Coin/6 Credits" value="10"/>
			<dipvalue name="Free Play (if Coin B too) or 1/1" value="0"/>
		</dipswitch>
		<dipswitch name="Coin B" tag="DSW1" mask="240">
			<diplocation name="SW1" number="5"/>
			<diplocation name="SW1" number="6"/>
			<diplocation name="SW1" number="7"/>
			<diplocation name="SW1" number="8"/>
			<dipvalue name="4 Coins/1 Credit" value="112"/>
			<dipvalue name="3 Coins/1 Credit" value="128"/>
			<dipvalue name="2 Coins/1 Credit" value="144"/>
			<dipvalue name="2 Coins/1 Credit 5/3 6/4" value="80"/>
			<dipvalue name="2 Coins/1 Credit 4/3" value="64"/>
			<dipvalue name="1 Coin/1 Credit" value="240" default="yes"/>
			<dipvalue name="1 Coin/1 Credit 5/6" value="48"/>
			<dipvalue name="1 Coin/1 Credit 4/5" value="32"/>
			<dipvalue name="1 Coin/1 Credit 2/3" value="16"/>
			<dipvalue name="2 Coins/3 Credits" value="96"/>
			<dipvalue name="1 Coin/2 Credits" value="224"/>
			<dipvalue name="1 Coin/3 Credits" value="208"/>
			<dipvalue name="1 Coin/4 Credits" value="192"/>
			<dipvalue name="1 Coin/5 Credits" value="176"/>
			<dipvalue name="1 Coin/6 Credits" value="160"/>
			<dipvalue name="Free Play (if Coin A too) or 1/1" value="0"/>
		</dipswitch>
		<dipswitch name="Unused" tag="DSW2" mask="1">
			<diplocation name="SW2" number="1"/>
			<dipvalue name="Off" value="1" default="yes"/>
			<dipvalue name="On" value="0"/>
		</dipswitch>
		<dipswitch name="Demo Sounds" tag="DSW2" mask="2">
			<diplocation name="SW2" number="2"/>
			<dipvalue name="Off" value="2"/>
			<dipvalue name="On" value="0" default="yes"/>
		</dipswitch>
		<dipswitch name="Lives" tag="DSW2" mask="12">
			<diplocation name="SW2" number="3"/>
			<diplocation name="SW2" number="4"/>
			<dipvalue name="2" value="0"/>
			<dipvalue name="3" value="12" default="yes"/>
			<dipvalue name="4" value="8"/>
			<dipvalue name="5" value="4"/>
		</dipswitch>
		<dipswitch name="Extend" tag="DSW2" mask="16">
			<diplocation name="SW2" number="5"/>
			<dipvalue name="50k/100k/180k/300k" value="16" default="yes"/>
			<dipvalue name="50k/150k/300k" value="0"/>
		</dipswitch>
		<dipswitch name="Difficulty" tag="DSW2" mask="32">
			<diplocation name="SW2" number="6"/>
			<dipvalue name="Normal" value="32" default="yes"/>
			<dipvalue name="Hard" value="0"/>
		</dipswitch>
		<dipswitch name="Test Mode" tag="DSW2" mask="64">
			<diplocation name="SW2" number="7"/>
			<dipvalue name="No" value="64" default="yes"/>
			<dipvalue name="Yes" value="0"/>
		</dipswitch>
		<dipswitch name="Unused" tag="DSW2" mask="128">
			<diplocation name="SW2" number="8"/>
			<dipvalue name="Off" value="128" default="yes"/>
			<dipvalue name="On" value="0"/>
		</dipswitch>
		<port tag=":DSW1">
		</port>
		<port tag=":DSW2">
		</port>
		<port tag=":P1">
		</port>
		<port tag=":P2">
		</port>
		<port tag=":SERVICE">
		</port>
		<port tag=":UNUSED">
		</port>
		<driver status="good" emulation="good" savestate="supported"/>
	</machine>
	<machine name="wb35d" sourcefile="segas16a.cpp" cloneof="wb3" romof="wb3">
		<description>Wonder Boy III Monster Lair (Set 5 Bootleg, Japan, S16A) [FD1089A 317-0086]</description>
		<year>1988</year>
		<manufacturer>bootleg</manufacturer>
		<rom name="bootleg_epr-12120.43" size="65536" crc="47e62031" sha1="842e7aac5d2ed2b38c68e70b65494b6511900ee0" region="maincpu" offset="0" flags="1000"/>
		<rom name="bootleg_epr-12118.26" size="65536" crc="d2f74be8" sha1="83414365b921b617406535f387e6722c14ad8e09" region="maincpu" offset="1" flags="1000"/>
		<rom name="bootleg_epr-12121.42" size="65536" crc="0962098b" sha1="150fc439dd5e773bef706f058abdb4d2ec44e355" region="maincpu" offset="20000" flags="1000"/>
		<rom name="bootleg_epr-12119.25" size="65536" crc="3d631a8e" sha1="4940ff6cf380fb914876ade39ea37f42b79bf11d" region="maincpu" offset="20001" flags="1000"/>
		<rom name="epr-12086.95" size="65536" crc="45b949df" sha1="84390d16da00b775988e5f6c20950cb2304b1a74" region="gfx1" offset="0" flags="0"/>
		<rom name="epr-12087.94" size="65536" crc="6f0396b7" sha1="0a340f2b58e5ecfe504197a8fd2111181e868a3e" region="gfx1" offset="10000" flags="0"/>
		<rom name="epr-12088.83" size="65536" crc="ba8c0749" sha1="7d996c7a1ad249c06ef7ec9c87a83710c98005d3" region="gfx1" offset="20000" flags="0"/>
		<rom name="epr-12090.10" merge="epr-12090.b1" size="65536" crc="aeeecfca" sha1="496124b170a725ad863c741d4e021ab947511e4c" region="sprites" offset="1" flags="1000"/>
		<rom name="epr-12094.11" merge="epr-12094.b5" size="65536" crc="615e4927" sha1="d23f164973afa770714e284a77ddf10f18cc596b" region="sprites" offset="0" flags="1000"/>
		<rom name="epr-12091.17" merge="epr-12091.b2" size="65536" crc="8409a243" sha1="bcbb9510a6499d8147543d6befa5a49f4ac055d9" region="sprites" offset="10001" flags="1000"/>
		<rom name="epr-12095.18" merge="epr-12095.b6" size="65536" crc="e774ec2c" sha1="a4aa15ec7be5539a740ad02ff720458018dbc536" region="sprites" offset="10000" flags="1000"/>
		<rom name="epr-12092.23" merge="epr-12092.b3" size="65536" crc="5c2f0d90" sha1="e0fbc0f841e4607ad232931368b16e81440a75c4" region="sprites" offset="20001" flags="1000"/>
		<rom name="epr-12096.24" merge="epr-12096.b7" size="65536" crc="0cd59d6e" sha1="caf754a461feffafcfe7bfc6e89da76c4db257c5" region="sprites" offset="20000" flags="1000"/>
		<rom name="epr-12093.29" merge="epr-12093.b4" size="65536" crc="4891e7bb" sha1="1be04fcabe9bfa8cf746263a5bcca67902a021a0" region="sprites" offset="30001" flags="1000"/>
		<rom name="epr-12097.30" merge="epr-12097.b8" size="65536" crc="e645902c" sha1="497cfcf6c25cc2e042e16dbcb1963d2223def15a" region="sprites" offset="30000" flags="1000"/>
		<rom name="epr-12089.12" size="32768" crc="8321eb0b" sha1="61cf95833c0aa38e35fc18db39d4ec74e4aaf01e" region="soundcpu" offset="0" flags="0"/>
		<device_ref name="m68000"/>
		<device_ref name="z80"/>
		<device_ref name="nvram"/>
		<device_ref name="watchdog"/>
		<device_ref name="i8255"/>
		<device_ref name="screen"/>
		<device_ref name="sega_sys16a_sprite"/>
		<device_ref name="segaic16_video"/>
		<device_ref name="gfxdecode"/>
		<device_ref name="palette"/>
		<device_ref name="speaker"/>
		<device_ref name="generic_latch_8"/>
		<device_ref name="ym2151"/>
		<chip type="cpu" tag="maincpu" name="Motorola MC68000" clock="10000000"/>
		<chip type="cpu" tag="soundcpu" name="Zilog Z80" clock="4000000"/>
		<chip type="audio" tag="speaker" name="Speaker"/>
		<chip type="audio" tag="ymsnd" name="YM2151 OPM" clock="4000000"/>
		<display tag="screen" type="raster" rotate="0" width="320" height="224" refresh="60.000000" pixclock="5376240" htotal="342" hbend="0" hbstart="320" vtotal="262" vbend="0" vbstart="224" />
		<sound channels="1"/>
		<input players="2" coins="2" service="yes">
			<control type="joy" player="1" buttons="3" ways="8"/>
			<control type="joy" player="2" buttons="3" ways="8"/>
		</input>
		<dipswitch name="Coin A" tag="DSW1" mask="15">
			<diplocation name="SW1" number="1"/>
			<diplocation name="SW1" number="2"/>
			<diplocation name="SW1" number="3"/>
			<diplocation name="SW1" number="4"/>
			<dipvalue name="4 Coins/1 Credit" value="7"/>
			<dipvalue name="3 Coins/1 Credit" value="8"/>
			<dipvalue name="2 Coins/1 Credit" value="9"/>
			<dipvalue name="2 Coins/1 Credit 5/3 6/4" value="5"/>
			<dipvalue name="2 Coins/1 Credit 4/3" value="4"/>
			<dipvalue name="1 Coin/1 Credit" value="15" default="yes"/>
			<dipvalue name="1 Coin/1 Credit 5/6" value="3"/>
			<dipvalue name="1 Coin/1 Credit 4/5" value="2"/>
			<dipvalue name="1 Coin/1 Credit 2/3" value="1"/>
			<dipvalue name="2 Coins/3 Credits" value="6"/>
			<dipvalue name="1 Coin/2 Credits" value="14"/>
			<dipvalue name="1 Coin/3 Credits" value="13"/>
			<dipvalue name="1 Coin/4 Credits" value="12"/>
			<dipvalue name="1 Coin/5 Credits" value="11"/>
			<dipvalue name="1 Coin/6 Credits" value="10"/>
			<dipvalue name="Free Play (if Coin B too) or 1/1" value="0"/>
		</dipswitch>
		<dipswitch name="Coin B" tag="DSW1" mask="240">
			<diplocation name="SW1" number="5"/>
			<diplocation name="SW1" number="6"/>
			<diplocation name="SW1" number="7"/>
			<diplocation name="SW1" number="8"/>
			<dipvalue name="4 Coins/1 Credit" value="112"/>
			<dipvalue name="3 Coins/1 Credit" value="128"/>
			<dipvalue name="2 Coins/1 Credit" value="144"/>
			<dipvalue name="2 Coins/1 Credit 5/3 6/4" value="80"/>
			<dipvalue name="2 Coins/1 Credit 4/3" value="64"/>
			<dipvalue name="1 Coin/1 Credit" value="240" default="yes"/>
			<dipvalue name="1 Coin/1 Credit 5/6" value="48"/>
			<dipvalue name="1 Coin/1 Credit 4/5" value="32"/>
			<dipvalue name="1 Coin/1 Credit 2/3" value="16"/>
			<dipvalue name="2 Coins/3 Credits" value="96"/>
			<dipvalue name="1 Coin/2 Credits" value="224"/>
			<dipvalue name="1 Coin/3 Credits" value="208"/>
			<dipvalue name="1 Coin/4 Credits" value="192"/>
			<dipvalue name="1 Coin/5 Credits" value="176"/>
			<dipvalue name="1 Coin/6 Credits" value="160"/>
			<dipvalue name="Free Play (if Coin A too) or 1/1" value="0"/>
		</dipswitch>
		<dipswitch name="Unused" tag="DSW2" mask="1">
			<diplocation name="SW2" number="1"/>
			<dipvalue name="Off" value="1" default="yes"/>
			<dipvalue name="On" value="0"/>
		</dipswitch>
		<dipswitch name="Demo Sounds" tag="DSW2" mask="2">
			<diplocation name="SW2" number="2"/>
			<dipvalue name="Off" value="2"/>
			<dipvalue name="On" value="0" default="yes"/>
		</dipswitch>
		<dipswitch name="Lives" tag="DSW2" mask="12">
			<diplocation name="SW2" number="3"/>
			<diplocation name="SW2" number="4"/>
			<dipvalue name="2" value="0"/>
			<dipvalue name="3" value="12" default="yes"/>
			<dipvalue name="4" value="8"/>
			<dipvalue name="5" value="4"/>
		</dipswitch>
		<dipswitch name="Extend" tag="DSW2" mask="16">
			<diplocation name="SW2" number="5"/>
			<dipvalue name="50k/100k/180k/300k" value="16" default="yes"/>
			<dipvalue name="50k/150k/300k" value="0"/>
		</dipswitch>
		<dipswitch name="Difficulty" tag="DSW2" mask="32">
			<diplocation name="SW2" number="6"/>
			<dipvalue name="Normal" value="32" default="yes"/>
			<dipvalue name="Hard" value="0"/>
		</dipswitch>
		<dipswitch name="Test Mode" tag="DSW2" mask="64">
			<diplocation name="SW2" number="7"/>
			<dipvalue name="No" value="64" default="yes"/>
			<dipvalue name="Yes" value="0"/>
		</dipswitch>
		<dipswitch name="Unused" tag="DSW2" mask="128">
			<diplocation name="SW2" number="8"/>
			<dipvalue name="Off" value="128" default="yes"/>
			<dipvalue name="On" value="0"/>
		</dipswitch>
		<port tag=":DSW1">
		</port>
		<port tag=":DSW2">
		</port>
		<port tag=":P1">
		</port>
		<port tag=":P2">
		</port>
		<port tag=":SERVICE">
		</port>
		<port tag=":UNUSED">
		</port>
		<driver status="good" emulation="good" savestate="supported"/>
	</machine>
</mame>
